id,surface,module,name,purpose,roles,origin,season
"game.boot.splash","game","boot","Splash","Hiển thị thương hiệu, khởi tạo runtime","gamer user pilot","unique","launch"
"game.boot.legal_notice","game","boot","Thông báo pháp lý","Hiển thị bản quyền/cảnh báo sức khỏe","gamer user pilot","unique","launch"
"game.boot.age_gate","game","boot","Xác nhận độ tuổi","Chặn/giới hạn tính năng theo tuổi","gamer user pilot","unique","launch"
"game.boot.tos_accept","game","boot","Chấp nhận điều khoản","Ghi nhận đồng ý ToS theo phiên bản","gamer user pilot","unique","launch"
"game.boot.privacy_consent","game","boot","Đồng ý quyền riêng tư","Chọn đồng ý analytics/crash/marketing","gamer user pilot","unique","launch"
"game.boot.language_pick","game","boot","Chọn ngôn ngữ lần đầu","Đặt locale trước khi tải nội dung","gamer user pilot","unique","launch"
"game.boot.content_download","game","boot","Tải gói nội dung","Tải/giải nén content pack theo phiên bản","gamer user pilot","unique","launch"
"game.boot.patch_notes","game","boot","Ghi chú cập nhật","Giới thiệu thay đổi bản mới","gamer user pilot","unique","launch"
"game.boot.maintenance","game","boot","Bảo trì","Thông báo thời gian bảo trì server","gamer user pilot","unique","launch"
"game.boot.force_update","game","boot","Bắt buộc cập nhật","Chặn client cũ không tương thích protocol","gamer user pilot","unique","launch"
"game.boot.server_select","game","boot","Chọn máy chủ","Chọn region/cụm server","gamer user pilot","unique","launch"
"game.boot.login_hub","game","boot","Cổng đăng nhập","Chọn khách/email/Google/Apple","gamer user pilot","unique","launch"
"game.boot.login_email","game","boot","Đăng nhập email","Xác thực bằng email + mật khẩu","gamer user pilot","unique","launch"
"game.boot.register_email","game","boot","Đăng ký email","Tạo tài khoản mới","gamer user pilot","unique","launch"
"game.boot.verify_email","game","boot","Xác minh email","Nhập mã OTP xác minh","gamer user pilot","unique","launch"
"game.boot.forgot_password","game","boot","Quên mật khẩu","Gửi yêu cầu đặt lại mật khẩu","gamer user pilot","unique","launch"
"game.boot.reset_password","game","boot","Đặt lại mật khẩu","Nhập mật khẩu mới","gamer user pilot","unique","launch"
"game.boot.guest_warning","game","boot","Cảnh báo tài khoản khách","Nhắc liên kết để tránh mất dữ liệu","gamer user pilot","unique","launch"
"game.boot.account_link","game","boot","Liên kết tài khoản","Nâng cấp khách thành tài khoản đầy đủ","gamer user pilot","unique","launch"
"game.boot.account_switch","game","boot","Đổi tài khoản","Đăng xuất và chuyển tài khoản","gamer user pilot","unique","launch"
"game.boot.slot_list","game","boot","Danh sách nhân vật","Chọn slot lưu (thay SelectPlayerScreen)","gamer user pilot","unique","launch"
"game.boot.slot_delete_confirm","game","boot","Xác nhận xóa slot","Xóa slot có xác nhận 2 bước","gamer user pilot","unique","launch"
"game.boot.cloud_restore","game","boot","Khôi phục từ cloud","Kéo bản lưu cloud về thiết bị","gamer user pilot","unique","launch"
"game.boot.save_conflict","game","boot","Xung đột bản lưu","So sánh local vs cloud và chọn bản giữ","gamer user pilot","unique","launch"
"game.boot.ban_notice","game","boot","Thông báo khóa tài khoản","Hiển thị lý do và cách kháng nghị","gamer user pilot","unique","launch"
"game.boot.reconnect","game","boot","Kết nối lại","Xử lý mất mạng giữa phiên","gamer user pilot","unique","launch"
"game.boot.offline_mode","game","boot","Chế độ ngoại tuyến","Thông báo tính năng bị giới hạn khi offline","gamer user pilot","unique","launch"
"game.boot.main_menu","game","boot","Menu chính","Vào game, cài đặt, tin tức, thoát","gamer user pilot","unique","launch"
"game.onboarding.hero_create_class","game","onboarding","Tạo nhân vật — chọn lớp","Chọn 1 trong 6 lớp khởi đầu","gamer pilot","unique","launch"
"game.onboarding.hero_create_look","game","onboarding","Tạo nhân vật — ngoại hình","Chọn skin/màu khởi đầu","gamer pilot","unique","launch"
"game.onboarding.hero_create_name","game","onboarding","Tạo nhân vật — đặt tên","Nhập tên, kiểm tra hợp lệ/trùng","gamer pilot","unique","launch"
"game.onboarding.hero_create_confirm","game","onboarding","Tạo nhân vật — xác nhận","Tóm tắt lựa chọn trước khi tạo","gamer pilot","unique","launch"
"game.onboarding.prologue","game","onboarding","Mở đầu cốt truyện","Cutscene giới thiệu Dark Lord và cổ vật","gamer pilot","unique","launch"
"game.onboarding.tutorial_move","game","onboarding","Hướng dẫn di chuyển","Joystick/bàn phím trên bản đồ","gamer pilot","unique","launch"
"game.onboarding.tutorial_interact","game","onboarding","Hướng dẫn tương tác","Nói chuyện NPC, mở rương","gamer pilot","unique","launch"
"game.onboarding.tutorial_battle","game","onboarding","Hướng dẫn chiến đấu","Trận đầu có chỉ dẫn từng bước","gamer pilot","unique","launch"
"game.onboarding.tutorial_skill","game","onboarding","Hướng dẫn kỹ năng","Năng lượng, kỹ năng 2/3, tuyệt kỹ","gamer pilot","unique","launch"
"game.onboarding.tutorial_lineup","game","onboarding","Hướng dẫn đội hình","Lưới 3x3, hàng trước/giữa/sau","gamer pilot","unique","launch"
"game.onboarding.tutorial_equip","game","onboarding","Hướng dẫn trang bị","Mặc trang bị, so sánh chỉ số","gamer pilot","unique","launch"
"game.onboarding.tutorial_shop","game","onboarding","Hướng dẫn cửa hàng","Mua vật phẩm đầu tiên","gamer pilot","unique","launch"
"game.onboarding.tutorial_reward","game","onboarding","Hoàn thành hướng dẫn","Nhận quà hoàn thành tutorial","gamer pilot","unique","launch"
"game.world.world_explore","game","world","Khám phá bản đồ","Di chuyển, va chạm, trigger (thay WorldMapScreen)","gamer pilot","unique","launch"
"game.world.region_map","game","world","Bản đồ vùng","Xem toàn vùng, điểm đã mở khóa","gamer pilot","unique","launch"
"game.world.fast_travel","game","world","Dịch chuyển nhanh","Chọn điểm dịch chuyển đã mở","gamer pilot","unique","launch"
"game.world.map_transition","game","world","Chuyển bản đồ","Hiệu ứng + tải bản đồ kế tiếp","gamer pilot","unique","launch"
"game.world.npc_dialogue","game","world","Hội thoại NPC","Hiển thị lời thoại có chân dung","gamer pilot","unique","launch"
"game.world.dialogue_choice","game","world","Lựa chọn hội thoại","Chọn nhánh ảnh hưởng cốt truyện","gamer pilot","unique","launch"
"game.world.inn_rest","game","world","Nhà trọ","Hồi phục, lưu game, qua ngày","gamer pilot","unique","launch"
"game.world.chest_open","game","world","Mở rương","Hiệu ứng mở và nhận vật phẩm","gamer pilot","unique","launch"
"game.world.encounter_preview","game","world","Xem trước trận","Đội hình địch 3x3, lực chiến (thay BattleDetailPP)","gamer pilot","unique","launch"
"game.world.encounter_locked","game","world","Trận bị khóa","Hiển thị điều kiện mở khóa","gamer pilot","unique","launch"
"game.world.minimap","game","world","Bản đồ nhỏ","Overlay vị trí, NPC, cổng","gamer pilot","unique","launch"
"game.world.quest_tracker","game","world","Theo dõi nhiệm vụ","Overlay mục tiêu hiện tại","gamer pilot","unique","launch"
"game.world.day_night_info","game","world","Thông tin ngày/đêm","Thời gian trong game và hiệu ứng","gamer pilot","unique","launch"
"game.world.weather_info","game","world","Thời tiết","Hiệu ứng môi trường lên trận đấu","gamer pilot","unique","launch"
"game.world.photo_mode","game","world","Chế độ chụp ảnh","Ẩn HUD, camera tự do, lưu ảnh","gamer pilot","unique","launch"
"game.world.emote_wheel","game","world","Vòng biểu cảm","Chọn emote nhân vật","gamer pilot","unique","launch"
"game.world.interaction_prompt","game","world","Gợi ý tương tác","Nút ngữ cảnh khi đứng gần đối tượng","gamer pilot","unique","launch"
"game.world.puzzle_switch","game","world","Câu đố công tắc","Giải đố bật/tắt trên bản đồ","gamer pilot","unique","launch"
"game.world.puzzle_sequence","game","world","Câu đố trình tự","Giải đố ghi nhớ thứ tự","gamer pilot","unique","launch"
"game.world.signpost_read","game","world","Đọc biển báo","Hiển thị chữ trên biển báo","gamer pilot","unique","launch"
"game.world.lore_book","game","world","Đọc sách truyền thuyết","Mở khóa mục codex","gamer pilot","unique","launch"
"game.world.save_point","game","world","Điểm lưu","Lưu thủ công","gamer pilot","unique","launch"
"game.world.pause_menu","game","world","Tạm dừng","Menu tạm dừng khi khám phá","gamer pilot","unique","launch"
"game.world.hud_customize","game","world","Tùy chỉnh HUD","Kéo thả vị trí nút, joystick","gamer pilot","unique","launch"
"game.village.village_overview","game","village","Tổng quan làng","Mức phục hồi làng, tài nguyên","gamer","unique","launch"
"game.village.building_list","game","village","Danh sách công trình","Công trình đã/chưa xây","gamer","unique","launch"
"game.village.building_detail","game","village","Chi tiết công trình","Chức năng, cấp, sản lượng","gamer","unique","launch"
"game.village.building_upgrade","game","village","Nâng cấp công trình","Chi phí, thời gian, xác nhận","gamer","unique","launch"
"game.village.building_construct","game","village","Xây công trình mới","Chọn vị trí đặt công trình","gamer","unique","launch"
"game.village.resource_production","game","village","Sản xuất tài nguyên","Thu hoạch tài nguyên theo giờ","gamer","unique","launch"
"game.village.worker_assign","game","village","Phân công dân làng","Gán NPC vào công trình","gamer","unique","launch"
"game.village.decoration_mode","game","village","Chế độ trang trí","Đặt vật trang trí","gamer","unique","launch"
"game.village.village_visitors","game","village","Khách đến làng","NPC ghé thăm mang nhiệm vụ","gamer","unique","launch"
"game.village.village_quests","game","village","Nhiệm vụ làng","Nhiệm vụ phục hồi làng","gamer","unique","launch"
"game.gathering.fishing","game","gathering","Câu cá","Minigame câu cá","gamer","unique","launch"
"game.gathering.mining","game","gathering","Khai khoáng","Minigame đào quặng","gamer","unique","launch"
"game.gathering.herb_gathering","game","gathering","Hái thảo dược","Minigame thu thập","gamer","unique","launch"
"game.gathering.gather_result","game","gathering","Kết quả thu thập","Vật phẩm nhận được","gamer","unique","launch"
"game.gathering.cooking","game","gathering","Nấu ăn","Chế món ăn buff","gamer","unique","launch"
"game.gathering.cookbook","game","gathering","Sách công thức","Công thức đã mở khóa","gamer","unique","launch"
"game.battle.battle_intro","game","battle","Mở màn trận","Giới thiệu đội địch, boss","gamer pilot","unique","launch"
"game.battle.lineup_confirm","game","battle","Xác nhận đội hình","Chỉnh nhanh đội hình trước trận","gamer pilot","unique","launch"
"game.battle.battle_main","game","battle","Trận đấu","Lưới 3x3 hai phe, HUD, thanh lượt","gamer pilot","unique","launch"
"game.battle.skill_select","game","battle","Chọn kỹ năng","Chọn kỹ năng cho đơn vị đang tới lượt","gamer pilot","unique","launch"
"game.battle.target_select","game","battle","Chọn mục tiêu","Chọn mục tiêu hợp lệ theo kỹ năng","gamer pilot","unique","launch"
"game.battle.item_select","game","battle","Dùng vật phẩm","Dùng vật phẩm trong trận","gamer pilot","unique","launch"
"game.battle.auto_battle","game","battle","Tự động chiến đấu","Bật/tắt AI điều khiển phe ta","gamer pilot","unique","launch"
"game.battle.battle_speed","game","battle","Tốc độ trận","x1/x2/x4","gamer pilot","unique","launch"
"game.battle.battle_pause","game","battle","Tạm dừng trận","Tiếp tục/thoát/cài đặt","gamer pilot","unique","launch"
"game.battle.battle_log","game","battle","Nhật ký trận","Danh sách sự kiện từng lượt","gamer pilot","unique","launch"
"game.battle.unit_inspect","game","battle","Xem đơn vị","Chỉ số, hiệu ứng đang có","gamer pilot","unique","launch"
"game.battle.turn_timeline","game","battle","Dòng thời gian lượt","Thứ tự hành động sắp tới","gamer pilot","unique","launch"
"game.battle.weakness_hint","game","battle","Gợi ý khắc chế","Chỉ ra lớp khắc chế/bị khắc","gamer pilot","unique","launch"
"game.battle.ultimate_cutin","game","battle","Cut-in tuyệt kỹ","Hoạt cảnh tuyệt kỹ","gamer pilot","unique","launch"
"game.battle.boss_phase","game","battle","Chuyển pha boss","Thông báo pha mới và cơ chế","gamer pilot","unique","launch"
"game.battle.revive_prompt","game","battle","Hồi sinh","Dùng vật phẩm hồi sinh khi thua","gamer pilot","unique","launch"
"game.battle.battle_victory","game","battle","Chiến thắng","Kết quả thắng","gamer pilot","unique","launch"
"game.battle.battle_defeat","game","battle","Thất bại","Kết quả thua + gợi ý cải thiện","gamer pilot","unique","launch"
"game.battle.battle_draw","game","battle","Hòa","Kết quả khi hết số lượt tối đa","gamer pilot","unique","launch"
"game.battle.battle_rewards","game","battle","Phần thưởng trận","EXP, vàng, rơi đồ","gamer pilot","unique","launch"
"game.battle.level_up","game","battle","Lên cấp","Chỉ số tăng khi lên cấp","gamer pilot","unique","launch"
"game.battle.flee_confirm","game","battle","Xác nhận bỏ chạy","Rời trận có hậu quả","gamer pilot","unique","launch"
"game.battle.retry_confirm","game","battle","Đánh lại","Đánh lại với cùng đội","gamer pilot","unique","launch"
"game.battle.damage_breakdown","game","battle","Phân tích sát thương","Sát thương/hồi máu mỗi đơn vị","gamer pilot","unique","launch"
"game.battle.battle_quest_progress","game","battle","Tiến độ nhiệm vụ trong trận","Mục tiêu phụ của trận","gamer pilot","unique","launch"
"game.battle.replay_list","game","battle","Danh sách replay","Các trận đã lưu","gamer pilot","unique","launch"
"game.battle.replay_viewer","game","battle","Xem replay","Phát lại từ seed + input","gamer pilot","unique","launch"
"game.battle.replay_share","game","battle","Chia sẻ replay","Tạo mã/đường dẫn chia sẻ","gamer pilot","unique","launch"
"game.heroes.hero_roster","game","heroes","Danh sách anh hùng","Lọc, sắp xếp, khóa (thay HerosPP)","gamer","unique","launch"
"game.heroes.hero_overview","game","heroes","Anh hùng — tổng quan","Chân dung, sao, cấp, lực chiến","gamer","unique","launch"
"game.heroes.hero_stats","game","heroes","Anh hùng — chỉ số","Chỉ số gốc + trang bị + buff","gamer","unique","launch"
"game.heroes.hero_skills","game","heroes","Anh hùng — kỹ năng","3 kỹ năng + nội tại","gamer","unique","launch"
"game.heroes.hero_equipment","game","heroes","Anh hùng — trang bị","4 ô trang bị, set bonus","gamer","unique","launch"
"game.heroes.hero_lore","game","heroes","Anh hùng — tiểu sử","Cốt truyện, lồng tiếng","gamer","unique","launch"
"game.heroes.hero_level_up","game","heroes","Nâng cấp anh hùng","Dùng EXP/vật phẩm","gamer","unique","launch"
"game.heroes.hero_star_up","game","heroes","Tăng sao","Ghép anh hùng cùng loại (thay PotentialPP)","gamer","unique","launch"
"game.heroes.hero_merge_confirm","game","heroes","Xác nhận ghép","Cảnh báo anh hùng đang trong đội hình","gamer","unique","launch"
"game.heroes.hero_skill_upgrade","game","heroes","Nâng kỹ năng","Dùng sách kỹ năng","gamer","unique","launch"
"game.heroes.hero_awaken","game","heroes","Thức tỉnh","Mở khóa tuyệt kỹ mới ở 5 sao","gamer","unique","launch"
"game.heroes.hero_compare","game","heroes","So sánh anh hùng","So sánh 2 anh hùng cạnh nhau","gamer","unique","launch"
"game.heroes.hero_dismiss","game","heroes","Giải tán anh hùng","Đổi anh hùng lấy tài nguyên","gamer","unique","launch"
"game.heroes.lineup_editor","game","heroes","Sửa đội hình","Kéo thả trên lưới 3x3","gamer","unique","launch"
"game.heroes.lineup_presets","game","heroes","Đội hình lưu sẵn","Lưu/đổi preset theo chế độ","gamer","unique","launch"
"game.heroes.lineup_analysis","game","heroes","Phân tích đội hình","Lực chiến, cân bằng vai trò","gamer","unique","launch"
"game.heroes.synergy_view","game","heroes","Cộng hưởng","Bonus khi đủ lớp/hệ","gamer","unique","launch"
"game.heroes.class_counter_chart","game","heroes","Bảng khắc chế lớp","Vòng khắc chế 6 lớp","gamer","unique","launch"
"game.companions.pet_list","game","companions","Danh sách thú cưng","Thú cưng sở hữu","gamer","unique","launch"
"game.companions.pet_detail","game","companions","Chi tiết thú cưng","Chỉ số hỗ trợ","gamer","unique","launch"
"game.companions.pet_feed","game","companions","Cho ăn","Tăng thân thiết","gamer","unique","launch"
"game.companions.pet_evolve","game","companions","Tiến hóa thú cưng","Đổi hình dạng, tăng chỉ số","gamer","unique","launch"
"game.companions.pet_skill","game","companions","Kỹ năng thú cưng","Kỹ năng hỗ trợ trận","gamer","unique","launch"
"game.companions.pet_expedition","game","companions","Thám hiểm thú cưng","Gửi đi nhận tài nguyên","gamer","unique","launch"
"game.inventory.bag_equipment","game","inventory","Túi — trang bị","Lưới trang bị (thay BagPP)","gamer","unique","launch"
"game.inventory.bag_materials","game","inventory","Túi — nguyên liệu","Nguyên liệu chế tạo","gamer","unique","launch"
"game.inventory.bag_consumables","game","inventory","Túi — tiêu hao","Thuốc, sách EXP","gamer","unique","launch"
"game.inventory.bag_key_items","game","inventory","Túi — vật phẩm nhiệm vụ","Chìa khóa, cổ vật","gamer","unique","launch"
"game.inventory.item_detail","game","inventory","Chi tiết vật phẩm","Mô tả, nguồn nhận","gamer","unique","launch"
"game.inventory.item_use_target","game","inventory","Chọn mục tiêu dùng","Chọn anh hùng nhận hiệu ứng","gamer","unique","launch"
"game.inventory.item_use_result","game","inventory","Kết quả sử dụng","Hiệu ứng đã áp dụng","gamer","unique","launch"
"game.inventory.equipment_detail","game","inventory","Chi tiết trang bị","Chỉ số, cấp, set","gamer","unique","launch"
"game.inventory.equipment_compare","game","inventory","So sánh trang bị","So với đồ đang mặc","gamer","unique","launch"
"game.inventory.equipment_assign","game","inventory","Mặc trang bị","Chọn anh hùng mặc","gamer","unique","launch"
"game.inventory.equipment_upgrade","game","inventory","Cường hóa","Tăng cấp trang bị","gamer","unique","launch"
"game.inventory.equipment_refine","game","inventory","Tinh luyện","Đổi dòng chỉ số phụ","gamer","unique","launch"
"game.inventory.equipment_salvage","game","inventory","Phân rã","Đổi trang bị lấy nguyên liệu","gamer","unique","launch"
"game.inventory.set_bonus","game","inventory","Bộ trang bị","Hiệu ứng bộ","gamer","unique","launch"
"game.inventory.bag_expand","game","inventory","Mở rộng túi","Tăng sức chứa","gamer","unique","launch"
"game.inventory.bag_filter","game","inventory","Lọc túi","Lọc/sắp xếp","gamer","unique","launch"
"game.inventory.sell_confirm","game","inventory","Xác nhận bán","Bán 1 vật phẩm","gamer","unique","launch"
"game.inventory.bulk_sell","game","inventory","Bán hàng loạt","Chọn nhiều để bán","gamer","unique","launch"
"game.smithy.smithy_home","game","smithy","Lò rèn","Trung tâm chế tạo (thay SmithyPP)","gamer","unique","launch"
"game.smithy.recipe_list","game","smithy","Danh sách công thức","Công thức chế tạo","gamer","unique","launch"
"game.smithy.recipe_detail","game","smithy","Chi tiết công thức","Nguyên liệu cần","gamer","unique","launch"
"game.smithy.craft_confirm","game","smithy","Xác nhận chế tạo","Số lượng, chi phí","gamer","unique","launch"
"game.smithy.craft_result","game","smithy","Kết quả chế tạo","Vật phẩm nhận","gamer","unique","launch"
"game.smithy.enchant","game","smithy","Phù phép","Thêm hiệu ứng trang bị","gamer","unique","launch"
"game.smithy.socket_gem","game","smithy","Khảm ngọc","Gắn ngọc vào ô","gamer","unique","launch"
"game.smithy.gem_combine","game","smithy","Ghép ngọc","Ghép ngọc cấp cao","gamer","unique","launch"
"game.progression.quest_main","game","progression","Nhật ký — chính tuyến","Nhiệm vụ cốt truyện","gamer","unique","launch"
"game.progression.quest_side","game","progression","Nhật ký — phụ tuyến","Nhiệm vụ phụ","gamer","unique","launch"
"game.progression.quest_daily","game","progression","Nhật ký — hằng ngày","Nhiệm vụ reset mỗi ngày","gamer","unique","launch"
"game.progression.quest_weekly","game","progression","Nhật ký — hằng tuần","Nhiệm vụ reset mỗi tuần","gamer","unique","launch"
"game.progression.quest_detail","game","progression","Chi tiết nhiệm vụ","Mục tiêu, phần thưởng, dẫn đường","gamer","unique","launch"
"game.progression.quest_accept","game","progression","Nhận nhiệm vụ","Xác nhận nhận nhiệm vụ","gamer","unique","launch"
"game.progression.quest_complete","game","progression","Hoàn thành nhiệm vụ","Thông báo hoàn thành","gamer","unique","launch"
"game.progression.quest_claim","game","progression","Nhận thưởng nhiệm vụ","Nhận phần thưởng","gamer","unique","launch"
"game.progression.chapter_select","game","progression","Chọn chương","Chương cốt truyện đã mở","gamer","unique","launch"
"game.progression.chapter_intro","game","progression","Giới thiệu chương","Mở đầu chương mới","gamer","unique","launch"
"game.progression.story_recap","game","progression","Tóm tắt cốt truyện","Nhắc lại sự kiện đã qua","gamer","unique","launch"
"game.progression.cutscene_player","game","progression","Phát cutscene","Phát cutscene theo kịch bản","gamer","unique","launch"
"game.progression.cutscene_skip","game","progression","Bỏ qua cutscene","Xác nhận bỏ qua","gamer","unique","launch"
"game.progression.ending_select","game","progression","Chọn kết thúc","Kết thúc theo lựa chọn","gamer","unique","launch"
"game.progression.ending_credits","game","progression","Danh đề","Credits cuối game","gamer","unique","launch"
"game.progression.new_game_plus","game","progression","Chơi lại nâng cao","Bắt đầu NG+ giữ tiến trình","gamer","unique","launch"
"game.progression.achievement_list","game","progression","Thành tựu","Danh sách thành tựu","gamer","unique","launch"
"game.progression.achievement_detail","game","progression","Chi tiết thành tựu","Điều kiện, tiến độ","gamer","unique","launch"
"game.progression.title_collection","game","progression","Danh hiệu","Danh hiệu mở khóa","gamer","unique","launch"
"game.progression.codex_heroes","game","progression","Bách khoa — anh hùng","Anh hùng đã gặp","gamer","unique","launch"
"game.progression.codex_enemies","game","progression","Bách khoa — quái vật","Quái đã đánh bại","gamer","unique","launch"
"game.progression.codex_items","game","progression","Bách khoa — vật phẩm","Vật phẩm đã nhận","gamer","unique","launch"
"game.progression.codex_maps","game","progression","Bách khoa — vùng đất","Bản đồ đã khám phá","gamer","unique","launch"
"game.progression.codex_lore","game","progression","Bách khoa — truyền thuyết","Mục lore đã mở","gamer","unique","launch"
"game.progression.cg_album","game","progression","Album hình minh họa","CG đã mở khóa","gamer","unique","launch"
"game.progression.jukebox","game","progression","Máy nghe nhạc","Nhạc nền đã mở khóa","gamer","unique","launch"
"game.progression.tips_library","game","progression","Thư viện mẹo","Mẹo chơi","gamer","unique","launch"
"game.progression.glossary","game","progression","Thuật ngữ","Giải thích thuật ngữ game","gamer","unique","launch"
"game.economy.shop_home","game","economy","Cửa hàng","Trung tâm mua bán (thay ShopPP)","gamer user","unique","launch"
"game.economy.shop_items","game","economy","Cửa hàng — vật phẩm","Vật phẩm bán bằng vàng","gamer user","unique","launch"
"game.economy.shop_equipment","game","economy","Cửa hàng — trang bị","Trang bị bán bằng ngọc","gamer user","unique","launch"
"game.economy.shop_rotating","game","economy","Cửa hàng xoay vòng","Hàng đổi mỗi 6 giờ","gamer user","unique","launch"
"game.economy.offer_detail","game","economy","Chi tiết gói","Nội dung gói ưu đãi","gamer user","unique","launch"
"game.economy.purchase_confirm","game","economy","Xác nhận mua","Giá, số lượng","gamer user","unique","launch"
"game.economy.purchase_result","game","economy","Kết quả mua","Vật phẩm nhận","gamer user","unique","launch"
"game.economy.iap_store","game","economy","Nạp ngọc","Gói nạp tiền thật","gamer user","unique","launch"
"game.economy.iap_receipt","game","economy","Hóa đơn","Chi tiết giao dịch","gamer user","unique","launch"
"game.economy.iap_restore","game","economy","Khôi phục giao dịch","Khôi phục mua trên store","gamer user","unique","launch"
"game.economy.recruit_home","game","economy","Chiêu mộ","Trung tâm chiêu mộ (thay RecruitPP)","gamer user","unique","launch"
"game.economy.banner_detail","game","economy","Chi tiết banner","Anh hùng nổi bật, thời hạn","gamer user","unique","launch"
"game.economy.recruit_rates","game","economy","Tỉ lệ chiêu mộ","Công bố tỉ lệ theo luật","gamer user","unique","launch"
"game.economy.recruit_animation","game","economy","Hoạt cảnh chiêu mộ","Hiệu ứng mở","gamer user","unique","launch"
"game.economy.recruit_result_single","game","economy","Kết quả chiêu mộ x1","Anh hùng nhận được","gamer user","unique","launch"
"game.economy.recruit_result_multi","game","economy","Kết quả chiêu mộ x10","10 anh hùng nhận được","gamer user","unique","launch"
"game.economy.recruit_history","game","economy","Lịch sử chiêu mộ","Các lần chiêu mộ","gamer user","unique","launch"
"game.economy.pity_tracker","game","economy","Bảo hiểm chiêu mộ","Số lượt tới đảm bảo","gamer user","unique","launch"
"game.economy.daily_checkin","game","economy","Điểm danh","Lịch 30 ngày (thay DailyPP)","gamer user","unique","launch"
"game.economy.checkin_claim","game","economy","Nhận quà điểm danh","Nhận và cộng thưởng thật","gamer user","unique","launch"
"game.economy.monthly_pass","game","economy","Thẻ tháng","Quà mỗi ngày trong 30 ngày","gamer user","unique","launch"
"game.economy.battle_pass","game","economy","Battle Pass","Cấp pass, nhiệm vụ pass","gamer user","unique","launch"
"game.economy.battle_pass_rewards","game","economy","Quà Battle Pass","Bảng quà miễn phí/trả phí","gamer user","unique","launch"
"game.economy.energy_refill","game","economy","Nạp năng lượng","Mua/đợi hồi năng lượng","gamer user","unique","launch"
"game.economy.currency_exchange","game","economy","Đổi tiền tệ","Đổi ngọc lấy vàng","gamer user","unique","launch"
"game.economy.idle_rewards","game","economy","Thưởng treo máy","Thưởng tích lũy khi offline","gamer user","unique","launch"
"game.social.profile_self","game","social","Hồ sơ của tôi","Thông tin, thành tích (thay RolePP)","gamer","unique","launch"
"game.social.profile_other","game","social","Hồ sơ người khác","Xem người chơi khác","gamer","unique","launch"
"game.social.profile_edit","game","social","Sửa hồ sơ","Đổi tên, lời giới thiệu","gamer","unique","launch"
"game.social.avatar_select","game","social","Chọn avatar","Avatar đã mở khóa","gamer","unique","launch"
"game.social.frame_select","game","social","Chọn khung","Khung avatar","gamer","unique","launch"
"game.social.friend_list","game","social","Bạn bè","Danh sách bạn","gamer","unique","launch"
"game.social.friend_requests","game","social","Lời mời kết bạn","Chấp nhận/từ chối","gamer","unique","launch"
"game.social.friend_search","game","social","Tìm bạn","Tìm theo tên/ID","gamer","unique","launch"
"game.social.support_hero","game","social","Anh hùng hỗ trợ","Mượn anh hùng của bạn","gamer","unique","launch"
"game.social.guild_home","game","social","Bang hội","Trang chủ bang","gamer","unique","launch"
"game.social.guild_search","game","social","Tìm bang","Tìm và xin vào","gamer","unique","launch"
"game.social.guild_create","game","social","Lập bang","Tạo bang mới","gamer","unique","launch"
"game.social.guild_members","game","social","Thành viên bang","Vai trò, đóng góp","gamer","unique","launch"
"game.social.guild_chat","game","social","Chat bang","Chat nội bộ","gamer","unique","launch"
"game.social.guild_raid","game","social","Raid bang","Boss chung của bang","gamer","unique","launch"
"game.social.guild_shop","game","social","Cửa hàng bang","Đổi điểm đóng góp","gamer","unique","launch"
"game.social.guild_settings","game","social","Cài đặt bang","Quyền, điều kiện vào","gamer","unique","launch"
"game.social.chat_world","game","social","Chat thế giới","Kênh chat chung","gamer","unique","launch"
"game.social.chat_private","game","social","Chat riêng","Tin nhắn 1-1","gamer","unique","launch"
"game.social.mail_inbox","game","social","Hộp thư","Thư hệ thống, quà","gamer","unique","launch"
"game.social.mail_detail","game","social","Chi tiết thư","Nội dung, đính kèm","gamer","unique","launch"
"game.social.mail_claim_all","game","social","Nhận tất cả","Nhận quà mọi thư","gamer","unique","launch"
"game.social.report_player","game","social","Tố cáo người chơi","Gửi báo cáo vi phạm","gamer","unique","launch"
"game.social.block_list","game","social","Danh sách chặn","Quản lý người bị chặn","gamer","unique","launch"
"game.social.notification_center","game","social","Trung tâm thông báo","Thông báo trong game","gamer","unique","launch"
"game.social.notification_detail","game","social","Chi tiết thông báo","Nội dung thông báo","gamer","unique","launch"
"game.social.leaderboard_power","game","social","Xếp hạng lực chiến","Top lực chiến","gamer","unique","launch"
"game.social.leaderboard_arena","game","social","Xếp hạng đấu trường","Top đấu trường","gamer","unique","launch"
"game.social.leaderboard_story","game","social","Xếp hạng cốt truyện","Top tiến độ","gamer","unique","launch"
"game.modes.arena_home","game","modes","Đấu trường","PvP bất đồng bộ","gamer","unique","launch"
"game.modes.arena_matchmaking","game","modes","Tìm đối thủ","Chọn đối thủ","gamer","unique","launch"
"game.modes.arena_defense","game","modes","Đội phòng thủ","Đội hình phòng thủ","gamer","unique","launch"
"game.modes.arena_history","game","modes","Lịch sử đấu trường","Trận đã đấu","gamer","unique","launch"
"game.modes.arena_rewards","game","modes","Thưởng đấu trường","Thưởng theo mùa","gamer","unique","launch"
"game.modes.tower_home","game","modes","Tháp thử thách","Leo tầng","gamer","unique","launch"
"game.modes.tower_floor","game","modes","Chọn tầng","Chi tiết tầng","gamer","unique","launch"
"game.modes.dungeon_list","game","modes","Hầm ngục","Danh sách hầm ngục nguyên liệu","gamer","unique","launch"
"game.modes.dungeon_detail","game","modes","Chi tiết hầm ngục","Độ khó, rơi đồ","gamer","unique","launch"
"game.modes.world_boss","game","modes","Boss thế giới","Boss chung toàn server","gamer","unique","launch"
"game.modes.event_hub","game","modes","Sự kiện","Danh sách sự kiện đang chạy","gamer","unique","launch"
"game.modes.event_detail","game","modes","Chi tiết sự kiện","Luật, thời hạn","gamer","unique","launch"
"game.modes.event_shop","game","modes","Cửa hàng sự kiện","Đổi token sự kiện","gamer","unique","launch"
"game.modes.event_ranking","game","modes","Xếp hạng sự kiện","Top sự kiện","gamer","unique","launch"
"game.modes.limited_tasks","game","modes","Nhiệm vụ giới hạn","Nhiệm vụ có thời hạn (thay LimitedTaskPP)","gamer","unique","launch"
"game.modes.expedition_send","game","modes","Gửi thám hiểm","Gửi đội đi thám hiểm","gamer","unique","launch"
"game.modes.expedition_result","game","modes","Kết quả thám hiểm","Thưởng thám hiểm","gamer","unique","launch"
"game.modes.coop_lobby","game","modes","Phòng co-op","Tạo/vào phòng đánh chung","gamer","unique","launch"
"game.modes.coop_invite","game","modes","Mời co-op","Mời bạn","gamer","unique","launch"
"game.modes.coop_ready","game","modes","Sẵn sàng co-op","Chờ mọi người sẵn sàng","gamer","unique","launch"
"game.modes.coop_results","game","modes","Kết quả co-op","Thưởng chia theo đóng góp","gamer","unique","launch"
"game.modes.spectate_list","game","modes","Danh sách xem trận","Trận đang diễn ra","gamer","unique","launch"
"game.modes.spectate_view","game","modes","Xem trận","Chế độ khán giả","gamer","unique","launch"
"game.modes.tournament_list","game","modes","Giải đấu","Giải đấu đang mở","gamer","unique","launch"
"game.modes.tournament_detail","game","modes","Chi tiết giải","Luật, thưởng","gamer","unique","launch"
"game.modes.tournament_register","game","modes","Đăng ký giải","Đăng ký đội","gamer","unique","launch"
"game.modes.tournament_bracket","game","modes","Nhánh đấu","Sơ đồ nhánh đấu","gamer","unique","launch"
"game.modes.tournament_checkin","game","modes","Check-in giải","Xác nhận tham gia","gamer","unique","launch"
"game.modes.tournament_results","game","modes","Kết quả giải","Xếp hạng cuối","gamer","unique","launch"
"game.ugc.ugc_home","game","ugc","Xưởng sáng tạo","Trung tâm level do người chơi tạo","creator gamer","unique","launch"
"game.ugc.ugc_my_levels","game","ugc","Level của tôi","Level đã tạo","creator gamer","unique","launch"
"game.ugc.ugc_editor_grid","game","ugc","Trình sửa lưới","Đặt quái trên lưới 3x3","creator gamer","unique","launch"
"game.ugc.ugc_editor_enemy","game","ugc","Chọn quái","Chọn quái được phép dùng","creator gamer","unique","launch"
"game.ugc.ugc_editor_rules","game","ugc","Luật level","Giới hạn lượt, điều kiện thắng","creator gamer","unique","launch"
"game.ugc.ugc_editor_rewards","game","ugc","Thưởng level","Thưởng trong giới hạn cho phép","creator gamer","unique","launch"
"game.ugc.ugc_test_play","game","ugc","Chơi thử","Chơi thử bắt buộc trước khi đăng","creator gamer","unique","launch"
"game.ugc.ugc_publish","game","ugc","Đăng level","Đăng công khai","creator gamer","unique","launch"
"game.ugc.ugc_browse","game","ugc","Duyệt level","Tìm level cộng đồng","creator gamer","unique","launch"
"game.ugc.ugc_level_detail","game","ugc","Chi tiết level","Đánh giá, tỉ lệ thắng","creator gamer","unique","launch"
"game.ugc.ugc_rating","game","ugc","Đánh giá level","Chấm điểm sau khi chơi","creator gamer","unique","launch"
"game.ugc.ugc_report","game","ugc","Báo cáo level","Báo cáo vi phạm","creator gamer","unique","launch"
"game.ugc.ugc_featured","game","ugc","Level nổi bật","Tuyển chọn của đội vận hành","creator gamer","unique","launch"
"game.ugc.ugc_creator_profile","game","ugc","Hồ sơ creator","Level của một creator","creator gamer","unique","launch"
"game.ugc.ugc_creator_stats","game","ugc","Thống kê creator","Lượt chơi, đánh giá","creator gamer","unique","launch"
"game.bonds.side_story_list","game","bonds","Truyện phụ","Truyện riêng của từng anh hùng","gamer","unique","launch"
"game.bonds.side_story_detail","game","bonds","Chi tiết truyện phụ","Các hồi, điều kiện mở","gamer","unique","launch"
"game.bonds.bond_overview","game","bonds","Thân thiết","Mức thân thiết với anh hùng","gamer","unique","launch"
"game.bonds.bond_gift","game","bonds","Tặng quà","Tặng quà tăng thân thiết","gamer","unique","launch"
"game.bonds.bond_level_up","game","bonds","Tăng mức thân thiết","Mở khóa chỉ số/cảnh truyện","gamer","unique","launch"
"game.bonds.bond_scene","game","bonds","Cảnh thân thiết","Cảnh truyện riêng","gamer","unique","launch"
"game.bonds.hero_quarters","game","bonds","Khu nghỉ anh hùng","Anh hùng sinh hoạt trong làng","gamer","unique","launch"
"game.abyss.abyss_home","game","abyss","Vực Thẳm","Chế độ roguelike theo mùa","gamer","unique","launch"
"game.abyss.abyss_path","game","abyss","Bản đồ đường đi","Chọn nhánh node","gamer","unique","launch"
"game.abyss.abyss_event","game","abyss","Sự kiện node","Lựa chọn rủi ro/phần thưởng","gamer","unique","launch"
"game.abyss.abyss_relic_select","game","abyss","Chọn di vật","Di vật thay đổi luật trận","gamer","unique","launch"
"game.abyss.abyss_shop","game","abyss","Thương nhân Vực Thẳm","Mua bằng tiền tạm thời","gamer","unique","launch"
"game.abyss.abyss_rest","game","abyss","Lửa trại","Hồi máu hoặc nâng di vật","gamer","unique","launch"
"game.abyss.abyss_result","game","abyss","Kết quả Vực Thẳm","Điểm, thưởng mùa","gamer","unique","launch"
"game.market.market_home","game","market","Chợ giao dịch","Mua bán nguyên liệu giữa người chơi","gamer","unique","launch"
"game.market.market_listing","game","market","Chi tiết rao bán","Giá, số lượng, người bán","gamer","unique","launch"
"game.market.market_sell","game","market","Đăng bán","Đặt giá trong biên độ cho phép","gamer","unique","launch"
"game.market.market_orders","game","market","Đơn của tôi","Đơn đang treo","gamer","unique","launch"
"game.market.market_history","game","market","Lịch sử giao dịch","Giao dịch đã khớp","gamer","unique","launch"
"game.guild_war.guild_war_home","game","guild_war","Chiến tranh bang","Mùa, lịch, đối thủ","gamer","unique","launch"
"game.guild_war.guild_war_map","game","guild_war","Bản đồ chiến tranh","Cứ điểm cần chiếm","gamer","unique","launch"
"game.guild_war.guild_war_attack","game","guild_war","Tấn công cứ điểm","Chọn đội tấn công","gamer","unique","launch"
"game.guild_war.guild_war_results","game","guild_war","Kết quả chiến tranh","Điểm, thưởng","gamer","unique","launch"
"game.guild_war.guild_donate","game","guild_war","Quyên góp bang","Đóng góp tài nguyên","gamer","unique","launch"
"game.guild_war.guild_log","game","guild_war","Nhật ký bang","Hoạt động thành viên","gamer","unique","launch"
"game.settings.settings_home","game","settings","Cài đặt","Trung tâm cài đặt (thay SettingPP)","gamer user","unique","launch"
"game.settings.settings_audio","game","settings","Âm thanh","Nhạc, hiệu ứng, lồng tiếng (được lưu)","gamer user","unique","launch"
"game.settings.settings_graphics","game","settings","Đồ họa","Chất lượng, FPS, độ phân giải","gamer user","unique","launch"
"game.settings.settings_controls","game","settings","Điều khiển","Joystick, độ nhạy","gamer user","unique","launch"
"game.settings.settings_keybind","game","settings","Phím tắt","Gán phím (desktop)","gamer user","unique","launch"
"game.settings.settings_language","game","settings","Ngôn ngữ","Đổi locale","gamer user","unique","launch"
"game.settings.settings_accessibility","game","settings","Trợ năng","Cỡ chữ, mù màu, giảm chuyển động","gamer user","unique","launch"
"game.settings.settings_notifications","game","settings","Thông báo đẩy","Bật/tắt từng loại","gamer user","unique","launch"
"game.settings.settings_account","game","settings","Tài khoản","Liên kết, đăng xuất","gamer user","unique","launch"
"game.settings.settings_privacy","game","settings","Quyền riêng tư","Quản lý đồng ý","gamer user","unique","launch"
"game.settings.data_download","game","settings","Tải dữ liệu cá nhân","Yêu cầu xuất dữ liệu (GDPR)","gamer user","unique","launch"
"game.settings.delete_account","game","settings","Xóa tài khoản","Xóa có thời gian chờ","gamer user","unique","launch"
"game.settings.parental_controls","game","settings","Kiểm soát phụ huynh","Giới hạn chi tiêu/thời gian","gamer user","unique","launch"
"game.settings.spending_limit","game","settings","Giới hạn chi tiêu","Đặt hạn mức nạp","gamer user","unique","launch"
"game.settings.playtime_report","game","settings","Báo cáo thời gian chơi","Thời gian chơi theo tuần","gamer user","unique","launch"
"game.settings.credits","game","settings","Danh đề","Thông tin đội phát triển","gamer user","unique","launch"
"game.settings.help_center","game","settings","Trung tâm trợ giúp","Bài viết trợ giúp","gamer user","unique","launch"
"game.settings.faq","game","settings","Câu hỏi thường gặp","FAQ trong game","gamer user","unique","launch"
"game.settings.contact_support","game","settings","Liên hệ hỗ trợ","Tạo ticket","gamer user","unique","launch"
"game.settings.ticket_list","game","settings","Ticket của tôi","Ticket đã gửi","gamer user","unique","launch"
"game.settings.ticket_detail","game","settings","Chi tiết ticket","Trao đổi với CSKH","gamer user","unique","launch"
"game.settings.bug_report","game","settings","Báo lỗi","Gửi lỗi kèm log + ảnh","gamer user","unique","launch"
"game.settings.feedback_survey","game","settings","Khảo sát","Khảo sát trong game","gamer user","unique","launch"
"game.pilot.pilot_welcome","game","pilot","Chào mừng pilot","Giới thiệu chương trình thử nghiệm","pilot","unique","launch"
"game.pilot.pilot_build_info","game","pilot","Thông tin bản build","Phiên bản, môi trường, commit","pilot","unique","launch"
"game.pilot.pilot_tasks","game","pilot","Nhiệm vụ pilot","Kịch bản cần chơi thử","pilot","unique","launch"
"game.pilot.pilot_task_detail","game","pilot","Chi tiết nhiệm vụ pilot","Các bước và điều cần quan sát","pilot","unique","launch"
"game.pilot.pilot_quick_feedback","game","pilot","Góp ý nhanh","Đánh giá 1 chạm tại màn hiện tại","pilot","unique","launch"
"game.pilot.pilot_bug_capture","game","pilot","Chụp lỗi","Chụp màn hình, khoanh vùng, gửi kèm log","pilot","unique","launch"
"game.pilot.pilot_survey","game","pilot","Khảo sát pilot","Khảo sát sau phiên chơi","pilot","unique","launch"
"game.pilot.pilot_known_issues","game","pilot","Lỗi đã biết","Tránh báo trùng","pilot","unique","launch"
"game.pilot.pilot_changelog","game","pilot","Thay đổi bản build","Khác biệt so với bản trước","pilot","unique","launch"
"game.pilot.pilot_rewards","game","pilot","Quà pilot","Quà ghi nhận đóng góp","pilot","unique","launch"
"game.debug.debug_menu","game","debug","Menu debug","Chỉ có ở build dev/qa","dev qa","unique","launch"
"game.debug.debug_screen_jump","game","debug","Nhảy màn hình","Mở bất kỳ ScreenId với fixture","dev qa","unique","launch"
"game.debug.debug_cheats","game","debug","Cheat","Cộng tiền, EXP, mở khóa","dev qa","unique","launch"
"game.debug.debug_battle_sandbox","game","debug","Sandbox trận","Dựng trận tùy ý với seed","dev qa","unique","launch"
"game.debug.debug_atlas_browser","game","debug","Duyệt atlas","Xem region (thay CheckRegionScreen)","dev qa","unique","launch"
"game.debug.debug_map_inspector","game","debug","Soi bản đồ","Collider, trigger, spawn","dev qa","unique","launch"
"game.debug.debug_save_editor","game","debug","Sửa save","Sửa trực tiếp bản lưu","dev qa","unique","launch"
"game.debug.debug_flags","game","debug","Feature flags","Bật/tắt cờ cục bộ","dev qa","unique","launch"
"game.debug.debug_perf_overlay","game","debug","Hiệu năng","FPS, draw call, bộ nhớ","dev qa","unique","launch"
"game.debug.debug_logs","game","debug","Log","Xem log runtime","dev qa","unique","launch"
"game.debug.debug_network","game","debug","Mạng","Request/response, giả lập lag","dev qa","unique","launch"
"game.debug.debug_locale_preview","game","debug","Xem bản dịch","Kiểm tra tràn chữ theo locale","dev qa","unique","launch"
"game.debug.debug_automation","game","debug","Trạng thái automation","Kết nối test agent","dev qa","unique","launch"
"console.auth.login","console","auth","Đăng nhập nội bộ","SSO nhân viên","admin dev qa creator","unique","launch"
"console.auth.sso_callback","console","auth","SSO callback","Xử lý phản hồi OIDC","admin dev qa creator","unique","launch"
"console.auth.mfa","console","auth","Xác thực 2 lớp","Bắt buộc với staff","admin dev qa creator","unique","launch"
"console.auth.session_expired","console","auth","Hết phiên","Đăng nhập lại","admin dev qa creator","unique","launch"
"console.auth.no_access","console","auth","Không có quyền","Giải thích quyền còn thiếu","admin dev qa creator","unique","launch"
"console.auth.workspace_switch","console","auth","Đổi môi trường","Chọn dev/qa/staging/pilot/prod","admin dev qa creator","unique","launch"
"console.dashboards.overview","console","dashboards","Tổng quan","KPI chính","admin","unique","launch"
"console.dashboards.realtime","console","dashboards","Thời gian thực","CCU, phiên, lỗi","admin","unique","launch"
"console.dashboards.economy","console","dashboards","Kinh tế","Nguồn/chi tiền tệ","admin","unique","launch"
"console.dashboards.retention","console","dashboards","Giữ chân","D1/D7/D30","admin","unique","launch"
"console.dashboards.monetization","console","dashboards","Doanh thu","ARPU, ARPPU, tỉ lệ trả phí","admin","unique","launch"
"console.dashboards.battle_balance","console","dashboards","Cân bằng trận","Tỉ lệ thắng theo trận/đội","admin","unique","launch"
"console.dashboards.errors","console","dashboards","Lỗi","Crash, exception theo phiên bản","admin","unique","launch"
"console.dashboards.performance","console","dashboards","Hiệu năng","FPS, thời gian tải theo thiết bị","admin","unique","launch"
"console.analytics.funnels","console","analytics","Phễu","Phễu onboarding và mua hàng","admin","unique","launch"
"console.analytics.cohorts","console","analytics","Cohort","Phân tích cohort","admin","unique","launch"
"console.analytics.ltv","console","analytics","LTV","Giá trị vòng đời","admin","unique","launch"
"console.analytics.churn","console","analytics","Rời bỏ","Dự báo rời bỏ","admin","unique","launch"
"console.analytics.session_heatmap","console","analytics","Heatmap phiên","Giờ chơi theo ngày","admin","unique","launch"
"console.analytics.map_heatmap","console","analytics","Heatmap bản đồ","Vị trí người chơi trên từng map","admin","unique","launch"
"console.analytics.encounter_winrates","console","analytics","Tỉ lệ thắng theo trận","Phát hiện trận quá khó/dễ","admin","unique","launch"
"console.analytics.hero_pickrates","console","analytics","Tỉ lệ chọn anh hùng","Meta đội hình","admin","unique","launch"
"console.analytics.item_usage","console","analytics","Sử dụng vật phẩm","Vật phẩm dùng/bỏ phí","admin","unique","launch"
"console.analytics.recruit_analytics","console","analytics","Phân tích chiêu mộ","Lượt quay, pity","admin","unique","launch"
"console.analytics.economy_sankey","console","analytics","Dòng tiền","Sankey nguồn→chi","admin","unique","launch"
"console.analytics.report_builder","console","analytics","Tạo báo cáo","Truy vấn tùy biến","admin","unique","launch"
"console.analytics.report_list","console","analytics","Danh sách báo cáo","Báo cáo đã lưu","admin","unique","launch"
"console.analytics.scheduled_reports","console","analytics","Báo cáo định kỳ","Gửi email/Slack định kỳ","admin","unique","launch"
"console.analytics.kpi_alerts","console","analytics","Cảnh báo KPI","Ngưỡng cảnh báo","admin","unique","launch"
"console.players.player_search","console","players","Tìm người chơi","Theo ID, email, tên","admin","unique","launch"
"console.players.player_overview","console","players","Người chơi — tổng quan","Tài khoản, trạng thái","admin","unique","launch"
"console.players.player_saves","console","players","Người chơi — bản lưu","Phiên bản save, khôi phục","admin","unique","launch"
"console.players.player_heroes","console","players","Người chơi — anh hùng","Anh hùng sở hữu","admin","unique","launch"
"console.players.player_inventory","console","players","Người chơi — túi đồ","Vật phẩm, trang bị","admin","unique","launch"
"console.players.player_ledger","console","players","Người chơi — sổ cái tiền tệ","Mọi giao dịch tiền tệ","admin","unique","launch"
"console.players.player_purchases","console","players","Người chơi — giao dịch","IAP, hoàn tiền","admin","unique","launch"
"console.players.player_battles","console","players","Người chơi — trận đấu","Replay, kết quả","admin","unique","launch"
"console.players.player_sessions","console","players","Người chơi — phiên","Đăng nhập, thiết bị","admin","unique","launch"
"console.players.player_devices","console","players","Người chơi — thiết bị","Thiết bị đã dùng","admin","unique","launch"
"console.players.player_mail_send","console","players","Gửi thư","Gửi thư/quà cho 1 người","admin","unique","launch"
"console.players.player_grant","console","players","Cấp phát","Cấp tài nguyên có lý do bắt buộc","admin","unique","launch"
"console.players.player_sanctions","console","players","Xử phạt","Khóa chat, khóa tài khoản","admin","unique","launch"
"console.players.player_notes","console","players","Ghi chú nội bộ","Ghi chú CSKH","admin","unique","launch"
"console.players.player_audit","console","players","Lịch sử thao tác","Mọi thao tác admin lên người chơi","admin","unique","launch"
"console.players.player_gdpr_export","console","players","Xuất dữ liệu","Thực hiện yêu cầu GDPR","admin","unique","launch"
"console.players.player_gdpr_delete","console","players","Xóa dữ liệu","Xóa theo yêu cầu","admin","unique","launch"
"console.players.player_merge","console","players","Gộp tài khoản","Gộp khách vào tài khoản chính","admin","unique","launch"
"console.moderation.reports_queue","console","moderation","Hàng đợi tố cáo","Tố cáo chờ xử lý","admin","unique","launch"
"console.moderation.report_detail","console","moderation","Chi tiết tố cáo","Bằng chứng, quyết định","admin","unique","launch"
"console.moderation.chat_review","console","moderation","Duyệt chat","Tin nhắn bị gắn cờ","admin","unique","launch"
"console.moderation.name_review","console","moderation","Duyệt tên","Tên người chơi/bang","admin","unique","launch"
"console.moderation.ugc_review","console","moderation","Duyệt level UGC","Level bị báo cáo/chờ nổi bật","admin","unique","launch"
"console.moderation.sanctions_list","console","moderation","Danh sách xử phạt","Xử phạt đang hiệu lực","admin","unique","launch"
"console.moderation.appeals_queue","console","moderation","Hàng đợi kháng nghị","Kháng nghị chờ xử lý","admin","unique","launch"
"console.moderation.appeal_detail","console","moderation","Chi tiết kháng nghị","Quyết định kháng nghị","admin","unique","launch"
"console.support.tickets_queue","console","support","Hàng đợi ticket","Ticket theo SLA","admin","unique","launch"
"console.support.ticket_detail","console","support","Chi tiết ticket","Trả lời, gắn nhãn","admin","unique","launch"
"console.support.csat","console","support","Mức hài lòng","CSAT theo nhân viên","admin","unique","launch"
"console.support.refund_requests","console","support","Yêu cầu hoàn tiền","Duyệt hoàn tiền","admin","unique","launch"
"console.liveops.liveops_calendar","console","liveops","Lịch LiveOps","Sự kiện, banner, bảo trì trên 1 lịch","admin","unique","launch"
"console.liveops.remote_config","console","liveops","Remote config","Tham số runtime theo môi trường","admin","unique","launch"
"console.liveops.segment_builder","console","liveops","Tạo phân khúc","Điều kiện nhóm người chơi","admin","unique","launch"
"console.liveops.ab_test_results","console","liveops","Kết quả A/B","Ý nghĩa thống kê","admin","unique","launch"
"console.liveops.store_pricing_matrix","console","liveops","Bảng giá","Giá theo quốc gia/store","admin","unique","launch"
"console.liveops.promo_redemptions","console","liveops","Lượt đổi mã","Thống kê mã khuyến mãi","admin","unique","launch"
"console.liveops.economy_simulator","console","liveops","Mô phỏng kinh tế","Giả lập lạm phát tiền tệ","admin","unique","launch"
"console.liveops.drop_rate_audit","console","liveops","Kiểm toán tỉ lệ rơi","Tỉ lệ thực tế vs công bố","admin","unique","launch"
"console.operations.service_health","console","operations","Sức khỏe dịch vụ","Trạng thái từng service","admin dev","unique","launch"
"console.operations.live_ccu_map","console","operations","Bản đồ CCU","Người chơi online theo vùng","admin dev","unique","launch"
"console.operations.live_battle_feed","console","operations","Luồng trận trực tiếp","Trận đang diễn ra","admin dev","unique","launch"
"console.operations.live_purchase_feed","console","operations","Luồng giao dịch","Giao dịch thời gian thực","admin dev","unique","launch"
"console.operations.incident_list","console","operations","Sự cố","Danh sách sự cố","admin dev","unique","launch"
"console.operations.incident_detail","console","operations","Chi tiết sự cố","Diễn biến, hành động","admin dev","unique","launch"
"console.operations.oncall_schedule","console","operations","Lịch trực","Phân công trực","admin dev","unique","launch"
"console.operations.alert_rules","console","operations","Luật cảnh báo","Ngưỡng hạ tầng","admin dev","unique","launch"
"console.operations.status_page_editor","console","operations","Sửa trang trạng thái","Cập nhật status công khai","admin dev","unique","launch"
"console.operations.deployments","console","operations","Triển khai","Lịch sử deploy theo môi trường","admin dev","unique","launch"
"console.operations.environments","console","operations","Môi trường","Cấu hình từng môi trường","admin dev","unique","launch"
"console.operations.content_release_diff","console","operations","So sánh bản nội dung","Diff giữa 2 content pack","admin dev","unique","launch"
"console.operations.content_rollback","console","operations","Hoàn tác nội dung","Rollback content pack","admin dev","unique","launch"
"console.operations.backups","console","operations","Sao lưu","Sao lưu/khôi phục CSDL","admin dev","unique","launch"
"console.operations.audit_log","console","operations","Nhật ký kiểm toán","Mọi thao tác staff","admin dev","unique","launch"
"console.operations.integrations","console","operations","Tích hợp","Store, thanh toán, Slack","admin dev","unique","launch"
"console.operations.localization_status","console","operations","Tiến độ dịch","% dịch theo locale","admin dev","unique","launch"
"console.operations.system_settings","console","operations","Cài đặt hệ thống","Cấu hình chung","admin dev","unique","launch"
"console.finance.revenue_report","console","finance","Báo cáo doanh thu","Theo ngày/store/quốc gia","admin","unique","launch"
"console.finance.store_reconciliation","console","finance","Đối soát store","Khớp giao dịch với Apple/Google","admin","unique","launch"
"console.finance.tax_report","console","finance","Báo cáo thuế","Theo khu vực","admin","unique","launch"
"console.finance.chargebacks","console","finance","Chargeback","Giao dịch bị đòi lại","admin","unique","launch"
"console.finance.fraud_detection","console","finance","Phát hiện gian lận","Giao dịch bất thường","admin","unique","launch"
"console.finance.fraud_case","console","finance","Hồ sơ gian lận","Xử lý một vụ","admin","unique","launch"
"console.anticheat.anticheat_flags","console","anticheat","Cờ gian lận","Tài khoản bị gắn cờ","admin dev","unique","launch"
"console.anticheat.battle_validation_failures","console","anticheat","Trận không hợp lệ","Kết quả client ≠ mô phỏng server","admin dev","unique","launch"
"console.anticheat.anomaly_detail","console","anticheat","Chi tiết bất thường","Bằng chứng, replay","admin dev","unique","launch"
"console.anticheat.device_fingerprints","console","anticheat","Dấu vân thiết bị","Nhiều tài khoản cùng thiết bị","admin dev","unique","launch"
"console.anticheat.ban_waves","console","anticheat","Đợt khóa","Lên lịch khóa hàng loạt","admin dev","unique","launch"
"console.compliance.gacha_disclosure","console","compliance","Công bố tỉ lệ","Báo cáo tỉ lệ theo luật từng nước","admin","unique","launch"
"console.compliance.age_rating","console","compliance","Xếp hạng tuổi","Cấu hình theo khu vực","admin","unique","launch"
"console.compliance.data_retention","console","compliance","Lưu trữ dữ liệu","Chính sách thời hạn lưu","admin","unique","launch"
"console.compliance.consent_records","console","compliance","Hồ sơ đồng ý","Lịch sử đồng ý của người chơi","admin","unique","launch"
"studio.editors.studio_home","studio","editors","Trang chủ Studio","Việc cần làm, thay đổi gần đây","creator","unique","launch"
"studio.editors.map_editor","studio","editors","Sửa bản đồ","Lớp nền, collider, vùng (tích hợp Tiled)","creator","unique","launch"
"studio.editors.map_object_editor","studio","editors","Sửa đối tượng bản đồ","NPC, rương, biển báo","creator","unique","launch"
"studio.editors.encounter_placer","studio","editors","Đặt trận trên bản đồ","Gắn encounter vào vùng","creator","unique","launch"
"studio.editors.teleport_graph","studio","editors","Đồ thị cổng dịch chuyển","Liên kết map↔map, phát hiện cổng hỏng","creator","unique","launch"
"studio.editors.world_graph","studio","editors","Đồ thị thế giới","Vùng, chương, điều kiện mở khóa","creator","unique","launch"
"studio.editors.dialogue_graph","studio","editors","Sửa hội thoại dạng đồ thị","Nhánh, điều kiện, biến","creator","unique","launch"
"studio.editors.dialogue_preview","studio","editors","Xem trước hội thoại","Chạy thử hội thoại","creator","unique","launch"
"studio.editors.cutscene_timeline","studio","editors","Timeline cutscene","Camera, thoại, hoạt ảnh","creator","unique","launch"
"studio.editors.quest_flow","studio","editors","Sửa luồng nhiệm vụ","Chuỗi nhiệm vụ, điều kiện","creator","unique","launch"
"studio.editors.quest_preview","studio","editors","Xem trước nhiệm vụ","Chạy thử luồng nhiệm vụ","creator","unique","launch"
"studio.editors.encounter_grid","studio","editors","Sửa trận 3x3","Kế thừa Level Editor hiện có","creator","unique","launch"
"studio.editors.encounter_simulator","studio","editors","Mô phỏng trận","Chạy N trận với seed, tỉ lệ thắng","creator","unique","launch"
"studio.editors.balance_lab","studio","editors","Phòng cân bằng","So sánh chỉ số, lực chiến toàn roster","creator","unique","launch"
"studio.editors.stat_curve_editor","studio","editors","Đường cong chỉ số","Tăng trưởng theo cấp/sao","creator","unique","launch"
"studio.editors.formula_playground","studio","editors","Thử công thức","Công thức sát thương/phòng thủ","creator","unique","launch"
"studio.editors.loot_simulator","studio","editors","Mô phỏng rơi đồ","Phân phối rơi đồ","creator","unique","launch"
"studio.editors.gacha_simulator","studio","editors","Mô phỏng chiêu mộ","Tỉ lệ + pity","creator","unique","launch"
"studio.editors.economy_flow","studio","editors","Dòng kinh tế","Nguồn/chi theo tiến trình","creator","unique","launch"
"studio.editors.skill_vfx_preview","studio","editors","Xem VFX kỹ năng","Ghép kỹ năng với hiệu ứng","creator","unique","launch"
"studio.editors.animation_preview","studio","editors","Xem hoạt ảnh","Idle/walk/attack…","creator","unique","launch"
"studio.editors.atlas_packer","studio","editors","Đóng gói atlas","Chạy TexturePacker, xem kết quả","creator","unique","launch"
"studio.editors.sprite_import","studio","editors","Nhập sprite","Nhập từ Aseprite","creator","unique","launch"
"studio.editors.sprite_slicer","studio","editors","Cắt sprite","Cắt sheet thành frame","creator","unique","launch"
"studio.editors.palette_manager","studio","editors","Bảng màu","Palette chuẩn","creator","unique","launch"
"studio.editors.music_playlist","studio","editors","Danh sách nhạc","Nhạc theo vùng/trạng thái","creator","unique","launch"
"studio.editors.localization_editor","studio","editors","Sửa bản dịch","Theo key/locale","creator","unique","launch"
"studio.editors.localization_review","studio","editors","Duyệt bản dịch","Quy trình duyệt","creator","unique","launch"
"studio.editors.translator_queue","studio","editors","Hàng đợi dịch","Key chưa dịch","creator","unique","launch"
"studio.editors.translation_memory","studio","editors","Bộ nhớ dịch","Gợi ý từ bản dịch cũ","creator","unique","launch"
"studio.editors.glossary_editor","studio","editors","Sửa thuật ngữ","Thuật ngữ bắt buộc","creator","unique","launch"
"studio.editors.lore_wiki","studio","editors","Wiki lore","Tài liệu thế giới","creator","unique","launch"
"studio.editors.validation_report","studio","editors","Báo cáo kiểm tra nội dung","Lỗi schema, tham chiếu hỏng","creator","unique","launch"
"studio.editors.content_diff","studio","editors","So sánh nội dung","Diff giữa nhánh nội dung","creator","unique","launch"
"studio.editors.content_branches","studio","editors","Nhánh nội dung","Làm việc song song","creator","unique","launch"
"studio.editors.content_publish","studio","editors","Xuất bản nội dung","Build content pack","creator","unique","launch"
"studio.editors.asset_usage_graph","studio","editors","Đồ thị sử dụng asset","Asset nào dùng ở đâu","creator","unique","launch"
"studio.editors.unused_assets","studio","editors","Asset không dùng","Danh sách để dọn","creator","unique","launch"
"studio.editors.ui_layout_editor","studio","editors","Sửa bố cục UI","Layout màn hình theo token","creator","unique","launch"
"studio.editors.theme_tokens","studio","editors","Design tokens","Màu, font, khoảng cách","creator","unique","launch"
"studio.editors.screen_catalog","studio","editors","Danh mục màn hình","Duyệt catalog này","creator","unique","launch"
"studio.production.character_bible","studio","production","Hồ sơ nhân vật","Tính cách, giọng, quan hệ","creator","unique","launch"
"studio.production.voice_lines","studio","production","Danh sách thoại","Câu thoại cần thu âm","creator","unique","launch"
"studio.production.voice_tracker","studio","production","Tiến độ thu âm","Trạng thái từng câu","creator","unique","launch"
"studio.production.story_timeline","studio","production","Dòng thời gian cốt truyện","Sự kiện theo niên đại","creator","unique","launch"
"studio.production.art_requests","studio","production","Bảng yêu cầu art","Yêu cầu vẽ từ design","creator","unique","launch"
"studio.production.art_request_detail","studio","production","Chi tiết yêu cầu art","Brief, tham khảo, hạn","creator","unique","launch"
"studio.production.art_review","studio","production","Duyệt art","Duyệt/yêu cầu sửa","creator","unique","launch"
"studio.production.concept_gallery","studio","production","Thư viện concept","Concept art đã duyệt","creator","unique","launch"
"studio.production.map_playtest_heatmap","studio","production","Heatmap playtest","Người chơi kẹt ở đâu","creator","unique","launch"
"studio.production.difficulty_curve","studio","production","Đường cong độ khó","Độ khó theo tiến trình","creator","unique","launch"
"devtools.engineering.builds","devtools","engineering","Danh sách build","Build theo nền tảng/kênh","dev","unique","launch"
"devtools.engineering.build_detail","devtools","engineering","Chi tiết build","Artifact, log, kích thước","dev","unique","launch"
"devtools.engineering.build_trigger","devtools","engineering","Chạy build","Kích hoạt pipeline","dev","unique","launch"
"devtools.engineering.pipelines","devtools","engineering","Pipeline","Trạng thái CI/CD","dev","unique","launch"
"devtools.engineering.test_results","devtools","engineering","Kết quả test","Unit/integration/e2e","dev","unique","launch"
"devtools.engineering.flaky_tests","devtools","engineering","Test chập chờn","Phát hiện test không ổn định","dev","unique","launch"
"devtools.engineering.coverage","devtools","engineering","Độ phủ","Coverage theo module","dev","unique","launch"
"devtools.engineering.crashes","devtools","engineering","Crash","Nhóm crash theo chữ ký","dev","unique","launch"
"devtools.engineering.crash_detail","devtools","engineering","Chi tiết crash","Stack, thiết bị, breadcrumb","dev","unique","launch"
"devtools.engineering.log_search","devtools","engineering","Tìm log","Log tập trung","dev","unique","launch"
"devtools.engineering.traces","devtools","engineering","Trace","Trace phân tán","dev","unique","launch"
"devtools.engineering.perf_benchmarks","devtools","engineering","Benchmark","Hiệu năng theo build","dev","unique","launch"
"devtools.engineering.perf_regression","devtools","engineering","Suy giảm hiệu năng","So sánh giữa build","dev","unique","launch"
"devtools.engineering.app_size","devtools","engineering","Kích thước app","Theo nền tảng","dev","unique","launch"
"devtools.engineering.asset_size","devtools","engineering","Kích thước asset","Asset lớn nhất","dev","unique","launch"
"devtools.engineering.api_explorer","devtools","engineering","API explorer","Gọi thử API","dev","unique","launch"
"devtools.engineering.api_schema_diff","devtools","engineering","Diff schema API","Thay đổi phá vỡ","dev","unique","launch"
"devtools.engineering.db_migrations","devtools","engineering","Migration CSDL","Trạng thái migration","dev","unique","launch"
"devtools.engineering.db_readonly_query","devtools","engineering","Truy vấn chỉ đọc","SQL chỉ đọc có kiểm toán","dev","unique","launch"
"devtools.engineering.env_config_diff","devtools","engineering","Diff cấu hình","So sánh giữa môi trường","dev","unique","launch"
"devtools.engineering.secrets_audit","devtools","engineering","Kiểm toán secret","Secret sắp hết hạn","dev","unique","launch"
"devtools.engineering.dependency_updates","devtools","engineering","Cập nhật thư viện","Thư viện lỗi thời/lỗ hổng","dev","unique","launch"
"devtools.engineering.replay_debugger","devtools","engineering","Debug replay","Kiểm tra tính tất định của trận","dev","unique","launch"
"devtools.engineering.save_migration_tester","devtools","engineering","Kiểm tra migrate save","Chạy migrator trên save mẫu","dev","unique","launch"
"devtools.engineering.protocol_inspector","devtools","engineering","Soi protocol","Gói tin client↔server","dev","unique","launch"
"devtools.engineering.screen_registry","devtools","engineering","Registry màn hình","ScreenId ↔ lớp code","dev","unique","launch"
"devtools.engineering.screenshot_diff","devtools","engineering","So ảnh màn hình","Khác biệt giữa build","dev","unique","launch"
"devtools.engineering.missing_loc_keys","devtools","engineering","Key dịch thiếu","Key dùng trong code chưa có bản dịch","dev","unique","launch"
"devtools.engineering.load_tests","devtools","engineering","Kiểm thử tải","Kết quả load test","dev","unique","launch"
"devtools.engineering.chaos_experiments","devtools","engineering","Chaos test","Thử lỗi hạ tầng","dev","unique","launch"
"devtools.engineering.cdn_cache","devtools","engineering","CDN","Trạng thái cache content pack","dev","unique","launch"
"devtools.engineering.content_pack_versions","devtools","engineering","Phiên bản content pack","Tương thích client","dev","unique","launch"
"devtools.engineering.client_config_matrix","devtools","engineering","Ma trận cấu hình client","Build × môi trường × flag","dev","unique","launch"
"devtools.engineering.developer_portal","devtools","engineering","Cổng nhà phát triển","API công khai cho bên thứ ba","dev","unique","launch"
"devtools.engineering.webhooks","devtools","engineering","Webhook","Đăng ký sự kiện","dev","unique","launch"
"devtools.release.code_ownership","devtools","release","Chủ sở hữu mã","Module ↔ đội phụ trách","dev","unique","launch"
"devtools.release.architecture_rules","devtools","release","Luật kiến trúc","Vi phạm phụ thuộc giữa module","dev","unique","launch"
"devtools.release.release_train","devtools","release","Chuyến tàu release","Lịch cắt nhánh, freeze","dev","unique","launch"
"devtools.release.hotfix_request","devtools","release","Yêu cầu hotfix","Quy trình hotfix","dev","unique","launch"
"devtools.release.sdk_versions","devtools","release","Phiên bản SDK","SDK bên thứ ba theo nền tảng","dev","unique","launch"
"qa.insights.bug_duplicates","qa","insights","Lỗi trùng","Gộp lỗi trùng","qa","unique","launch"
"qa.insights.test_charter","qa","insights","Charter kiểm thử","Mục tiêu phiên khám phá","qa","unique","launch"
"qa.insights.quality_trend","qa","insights","Xu hướng chất lượng","Lỗi theo release","qa","unique","launch"
"qa.insights.agent_failure_clusters","qa","insights","Nhóm lỗi agent","Gom lỗi agent theo nguyên nhân","qa","unique","launch"
"qa.insights.agent_budget","qa","insights","Ngân sách agent","Chi phí mỗi lượt chạy agent","qa","unique","launch"
"qa.quality.qa_home","qa","quality","Trang chủ QA","Tình trạng chất lượng bản hiện tại","qa","unique","launch"
"qa.quality.test_plans","qa","quality","Kế hoạch test","Theo release","qa","unique","launch"
"qa.quality.test_plan_detail","qa","quality","Chi tiết kế hoạch","Phạm vi, người phụ trách","qa","unique","launch"
"qa.quality.test_cases","qa","quality","Test case","Kho test case","qa","unique","launch"
"qa.quality.test_case_edit","qa","quality","Sửa test case","Bước, kỳ vọng, ScreenId liên quan","qa","unique","launch"
"qa.quality.test_run_create","qa","quality","Tạo lượt test","Chọn case × thiết bị","qa","unique","launch"
"qa.quality.test_run_execute","qa","quality","Thực thi test","Đánh dấu pass/fail từng bước","qa","unique","launch"
"qa.quality.test_run_results","qa","quality","Kết quả lượt test","Tổng hợp","qa","unique","launch"
"qa.quality.bugs","qa","quality","Danh sách lỗi","Lọc theo mức độ","qa","unique","launch"
"qa.quality.bug_detail","qa","quality","Chi tiết lỗi","Tái hiện, log, video","qa","unique","launch"
"qa.quality.bug_create","qa","quality","Tạo lỗi","Mẫu báo lỗi chuẩn","qa","unique","launch"
"qa.quality.bug_triage","qa","quality","Phân loại lỗi","Họp triage","qa","unique","launch"
"qa.quality.regression_suite","qa","quality","Bộ hồi quy","Case hồi quy tự động","qa","unique","launch"
"qa.quality.device_matrix","qa","quality","Ma trận thiết bị","Thiết bị × hệ điều hành","qa","unique","launch"
"qa.quality.device_farm","qa","quality","Trang trại thiết bị","Trạng thái thiết bị thật","qa","unique","launch"
"qa.quality.agent_runs","qa","quality","Lượt chạy test agent","Kết quả agent tự động","qa","unique","launch"
"qa.quality.agent_run_detail","qa","quality","Chi tiết lượt agent","Hành động, ảnh, lỗi","qa","unique","launch"
"qa.quality.agent_scenarios","qa","quality","Kịch bản agent","Mục tiêu agent phải đạt","qa","unique","launch"
"qa.quality.agent_coverage","qa","quality","Độ phủ màn hình","ScreenId đã/chưa được agent ghé","qa","unique","launch"
"qa.quality.visual_regression","qa","quality","Hồi quy giao diện","Duyệt khác biệt ảnh","qa","unique","launch"
"qa.quality.balance_regression","qa","quality","Hồi quy cân bằng","Tỉ lệ thắng thay đổi bất thường","qa","unique","launch"
"qa.quality.smoke_checklist","qa","quality","Smoke test","Checklist nhanh mỗi build","qa","unique","launch"
"qa.quality.release_signoff","qa","quality","Ký duyệt release","Điều kiện phát hành","qa","unique","launch"
"qa.quality.compatibility_report","qa","quality","Tương thích","Kết quả theo thiết bị","qa","unique","launch"
"qa.quality.accessibility_audit","qa","quality","Kiểm tra trợ năng","Tương phản, cỡ chữ","qa","unique","launch"
"qa.quality.localization_qa","qa","quality","QA bản dịch","Tràn chữ, sai ngữ cảnh","qa","unique","launch"
"qa.quality.performance_qa","qa","quality","QA hiệu năng","FPS, bộ nhớ, pin","qa","unique","launch"
"qa.quality.save_compat_matrix","qa","quality","Tương thích bản lưu","Save cũ × build mới","qa","unique","launch"
"qa.quality.known_issues","qa","quality","Lỗi đã biết","Bảng lỗi đã biết","qa","unique","launch"
"qa.quality.exploratory_session","qa","quality","Phiên kiểm thử khám phá","Ghi chú theo thời gian","qa","unique","launch"
"qa.quality.session_replay","qa","quality","Xem lại phiên","Video + log đồng bộ","qa","unique","launch"
"qa.quality.crash_repro","qa","quality","Tái hiện crash","Bước tái hiện","qa","unique","launch"
"qa.quality.test_data_generator","qa","quality","Sinh dữ liệu test","Tạo tài khoản/save theo mẫu","qa","unique","launch"
"qa.quality.save_fixtures","qa","quality","Thư viện save mẫu","Save ở từng mốc tiến trình","qa","unique","launch"
"qa.quality.network_conditions","qa","quality","Giả lập mạng","Mất gói, độ trễ","qa","unique","launch"
"pilot.program.pilot_signup","pilot","program","Đăng ký pilot","Đăng ký tham gia thử nghiệm","pilot","unique","launch"
"pilot.program.pilot_nda","pilot","program","Thỏa thuận bảo mật","Ký NDA điện tử","pilot","unique","launch"
"pilot.program.pilot_profile","pilot","program","Hồ sơ pilot","Kinh nghiệm, sở thích thể loại","pilot","unique","launch"
"pilot.program.pilot_devices","pilot","program","Thiết bị của tôi","Thiết bị dùng để test","pilot","unique","launch"
"pilot.program.pilot_builds","pilot","program","Tải build","Build được phép tải","pilot","unique","launch"
"pilot.program.pilot_build_notes","pilot","program","Ghi chú build","Trọng tâm cần test","pilot","unique","launch"
"pilot.program.pilot_missions","pilot","program","Nhiệm vụ pilot","Kịch bản được giao","pilot","unique","launch"
"pilot.program.pilot_mission_detail","pilot","program","Chi tiết nhiệm vụ","Hướng dẫn, hạn chót","pilot","unique","launch"
"pilot.program.pilot_feedback","pilot","program","Góp ý đã gửi","Trạng thái góp ý","pilot","unique","launch"
"pilot.program.pilot_feedback_new","pilot","program","Gửi góp ý","Mẫu góp ý","pilot","unique","launch"
"pilot.program.pilot_bugs","pilot","program","Lỗi đã báo","Trạng thái xử lý","pilot","unique","launch"
"pilot.program.pilot_bug_new","pilot","program","Báo lỗi","Mẫu báo lỗi + tải video","pilot","unique","launch"
"pilot.program.pilot_surveys","pilot","program","Khảo sát","Khảo sát cần làm","pilot","unique","launch"
"pilot.program.pilot_survey_take","pilot","program","Làm khảo sát","Trả lời khảo sát","pilot","unique","launch"
"pilot.program.pilot_leaderboard","pilot","program","Bảng đóng góp","Pilot đóng góp nhiều nhất","pilot","unique","launch"
"pilot.program.pilot_rewards","pilot","program","Quà pilot","Quà đã nhận/có thể nhận","pilot","unique","launch"
"pilot.program.pilot_forum","pilot","program","Diễn đàn pilot","Thảo luận kín","pilot","unique","launch"
"pilot.program.pilot_forum_thread","pilot","program","Chủ đề diễn đàn","Chi tiết thảo luận","pilot","unique","launch"
"pilot.program.pilot_calendar","pilot","program","Lịch playtest","Buổi playtest sắp tới","pilot","unique","launch"
"pilot.program.pilot_playtest_booking","pilot","program","Đặt lịch playtest","Đăng ký buổi có quan sát","pilot","unique","launch"
"pilot.program.pilot_live_room","pilot","program","Phòng playtest trực tiếp","Chia sẻ màn hình, thoại","pilot","unique","launch"
"pilot.program.pilot_build_vote","pilot","program","Bình chọn phương án","So sánh 2 phương án thiết kế","pilot","unique","launch"
"pilot.program.pilot_telemetry_consent","pilot","program","Đồng ý telemetry","Quyền ghi heatmap/video","pilot","unique","launch"
"pilot.program.pilot_exit","pilot","program","Rời chương trình","Rời và xóa dữ liệu pilot","pilot","unique","launch"
"pilot.onboarding.pilot_cohort","pilot","onboarding","Nhóm của tôi","Thông tin cohort pilot","pilot","unique","launch"
"pilot.onboarding.pilot_guide","pilot","onboarding","Hướng dẫn pilot","Cách test và báo lỗi hiệu quả","pilot","unique","launch"
"pilot.onboarding.pilot_certificate","pilot","onboarding","Chứng nhận pilot","Ghi nhận đóng góp","pilot","unique","launch"
"site.public.landing","site","public","Trang chủ","Giới thiệu game, tải về","user gamer","unique","launch"
"site.public.news","site","public","Tin tức","Danh sách tin","user gamer","unique","launch"
"site.public.news_detail","site","public","Chi tiết tin","Bài viết","user gamer","unique","launch"
"site.public.patch_notes_web","site","public","Ghi chú cập nhật","Theo phiên bản","user gamer","unique","launch"
"site.public.guides","site","public","Cẩm nang","Danh sách hướng dẫn","user gamer","unique","launch"
"site.public.guide_detail","site","public","Chi tiết cẩm nang","Bài hướng dẫn","user gamer","unique","launch"
"site.public.heroes_gallery","site","public","Thư viện anh hùng","Toàn bộ anh hùng","user gamer","unique","launch"
"site.public.hero_page","site","public","Trang anh hùng","Chi tiết một anh hùng","user gamer","unique","launch"
"site.public.media_kit","site","public","Media kit","Tài nguyên báo chí","user gamer","unique","launch"
"site.public.faq_web","site","public","FAQ","Câu hỏi thường gặp","user gamer","unique","launch"
"site.public.support_portal","site","public","Cổng hỗ trợ","Gửi/xem ticket","user gamer","unique","launch"
"site.public.status_page","site","public","Trạng thái dịch vụ","Tình trạng server công khai","user gamer","unique","launch"
"site.public.legal_terms","site","public","Điều khoản","ToS","user gamer","unique","launch"
"site.public.legal_privacy","site","public","Chính sách riêng tư","Privacy policy","user gamer","unique","launch"
"site.public.community_forum","site","public","Diễn đàn","Cộng đồng người chơi","user gamer","unique","launch"
"site.public.forum_thread","site","public","Chủ đề diễn đàn","Thảo luận","user gamer","unique","launch"
"site.public.fan_art","site","public","Fan art","Thư viện sáng tác cộng đồng","user gamer","unique","launch"
"site.public.creator_program","site","public","Chương trình creator","Quyền lợi cho UGC creator","user gamer","unique","launch"
"site.public.ugc_web_browser","site","public","Duyệt level UGC trên web","Tìm và gửi level vào game","user gamer","unique","launch"
"site.public.account_login","site","public","Đăng nhập tài khoản","Cổng tài khoản","user gamer","unique","launch"
"site.public.account_overview","site","public","Tổng quan tài khoản","Thông tin, slot","user gamer","unique","launch"
"site.public.account_security","site","public","Bảo mật","Mật khẩu, 2FA, thiết bị","user gamer","unique","launch"
"site.public.account_purchases","site","public","Lịch sử mua","Giao dịch","user gamer","unique","launch"
"site.public.account_linked","site","public","Tài khoản liên kết","Google/Apple","user gamer","unique","launch"
"site.public.account_delete","site","public","Xóa tài khoản","Xóa từ web","user gamer","unique","launch"
"site.public.redeem_code","site","public","Đổi mã quà","Nhập mã khuyến mãi","user gamer","unique","launch"
"site.public.esports","site","public","Esports","Giải đấu chính thức","user gamer","unique","launch"
"site.public.events_public","site","public","Lịch sự kiện","Sự kiện sắp tới","user gamer","unique","launch"
"site.public.roadmap_public","site","public","Lộ trình phát triển","Tính năng sắp ra mắt","user gamer","unique","launch"
"game.festivals.festival_calendar","game","festivals","Lịch lễ hội","Lễ hội theo âm lịch: Tết, Trung Thu, Hội Đèn, Đoan Ngọ","gamer pilot","unique","s1"
"game.festivals.festival_hub","game","festivals","Quảng trường lễ hội","Làng đổi trang trí, NPC, nhạc theo lễ hội","gamer pilot","unique","s1"
"game.festivals.lantern_craft","game","festivals","Làm đèn lồng","Ghép hình + màu, đèn thành vật trang trí","gamer pilot","unique","s1"
"game.festivals.lantern_release","game","festivals","Thả đèn","Gửi lời chúc; đèn bay trên map của người chơi khác","gamer pilot","unique","s1"
"game.festivals.lucky_envelope","game","festivals","Lì xì","Tặng lì xì vàng cho bạn bè (giới hạn chống lạm phát)","gamer pilot","unique","s1"
"game.festivals.mooncake_kitchen","game","festivals","Bếp bánh trung thu","Minigame nấu theo công thức","gamer pilot","unique","s1"
"game.festivals.lion_dance","game","festivals","Múa lân","Minigame nhịp điệu (input thành command tất định)","gamer pilot","unique","s1"
"game.festivals.dragon_boat","game","festivals","Đua thuyền rồng","Minigame phối hợp đội","gamer pilot","unique","s1"
"game.festivals.festival_quests","game","festivals","Nhiệm vụ lễ hội","Chuỗi nhiệm vụ theo lễ","gamer pilot","unique","s1"
"game.festivals.festival_shop","game","festivals","Chợ phiên","Cửa hàng token lễ hội","gamer pilot","unique","s1"
"game.festivals.festival_album","game","festivals","Sổ lưu niệm lễ hội","Kỷ vật đã sưu tầm mỗi năm","gamer pilot","unique","s1"
"game.festivals.festival_rewards","game","festivals","Quà lễ hội","Mốc quà theo điểm tham gia","gamer pilot","unique","s1"
"game.class_evolution.evolution_tree","game","class_evolution","Cây tiến hóa lớp","6 lớp gốc → 12 lớp nâng cao","gamer pilot","unique","s1"
"game.class_evolution.evolution_path_detail","game","class_evolution","Chi tiết nhánh","So sánh 2 nhánh của một lớp","gamer pilot","unique","s1"
"game.class_evolution.evolution_trial","game","class_evolution","Thử thách thăng lớp","Trận thử thách riêng mỗi nhánh","gamer pilot","unique","s1"
"game.class_evolution.evolution_confirm","game","class_evolution","Xác nhận thăng lớp","Chọn nhánh, cảnh báo đổi nhánh tốn phí","gamer pilot","unique","s1"
"game.class_evolution.evolution_ceremony","game","class_evolution","Lễ thăng lớp","Cutscene đổi ngoại hình/kỹ năng","gamer pilot","unique","s1"
"game.class_evolution.evolution_respec","game","class_evolution","Đổi nhánh","Hoàn nguyên tài nguyên có phí","gamer pilot","unique","s1"
"game.class_evolution.evolution_counter_chart","game","class_evolution","Bảng khắc chế nâng cao","Vòng khắc chế 12 lớp","gamer pilot","unique","s1"
"game.class_evolution.evolution_codex","game","class_evolution","Bách khoa lớp nâng cao","Lore từng lớp","gamer pilot","unique","s1"
"game.academy.academy_home","game","academy","Học viện anh hùng","Trung tâm huấn luyện","gamer pilot","unique","s1"
"game.academy.talent_tree","game","academy","Cây thiên phú","Điểm thiên phú theo cấp","gamer pilot","unique","s1"
"game.academy.talent_node_detail","game","academy","Chi tiết thiên phú","Hiệu ứng từng nút","gamer pilot","unique","s1"
"game.academy.talent_reset","game","academy","Tẩy điểm thiên phú","Hoàn điểm có phí","gamer pilot","unique","s1"
"game.academy.talent_presets","game","academy","Bộ thiên phú lưu sẵn","Đổi nhanh theo chế độ","gamer pilot","unique","s1"
"game.academy.training_dummy","game","academy","Hình nộm tập luyện","Thử DPS trong sandbox tất định","gamer pilot","unique","s1"
"game.academy.sparring","game","academy","Đấu tập","Đấu 2 đội của mình, không mất gì","gamer pilot","unique","s1"
"game.academy.lesson_library","game","academy","Thư viện bài học","Bài học chiến thuật tương tác","gamer pilot","unique","s1"
"game.academy.lesson_play","game","academy","Học bài","Tình huống có hướng dẫn","gamer pilot","unique","s1"
"game.academy.academy_exam","game","academy","Thi tốt nghiệp","Nhận danh hiệu và thưởng","gamer pilot","unique","s1"
"game.wardrobe.wardrobe_home","game","wardrobe","Tủ đồ","Trang phục anh hùng","gamer user pilot","unique","s1"
"game.wardrobe.skin_detail","game","wardrobe","Chi tiết trang phục","Xem 360°, hoạt ảnh riêng","gamer user pilot","unique","s1"
"game.wardrobe.dye_studio","game","wardrobe","Xưởng nhuộm","Đổi palette sprite bằng shader","gamer user pilot","unique","s1"
"game.wardrobe.dye_collection","game","wardrobe","Bộ màu nhuộm","Màu đã mở khóa","gamer user pilot","unique","s1"
"game.wardrobe.outfit_presets","game","wardrobe","Bộ phối đồ","Lưu phối đồ","gamer user pilot","unique","s1"
"game.wardrobe.skin_try_on","game","wardrobe","Thử đồ","Thử trong trận mẫu","gamer user pilot","unique","s1"
"game.wardrobe.emote_collection","game","wardrobe","Bộ biểu cảm","Emote đã có","gamer user pilot","unique","s1"
"game.wardrobe.voice_pack_select","game","wardrobe","Gói giọng nói","Đổi giọng anh hùng","gamer user pilot","unique","s1"
"game.research.research_board","game","research","Bảng nghiên cứu quái","Tiến độ nghiên cứu mỗi loài","gamer pilot","unique","s1"
"game.research.research_entry","game","research","Hồ sơ loài","Điểm yếu mở theo số lần đánh bại/quan sát","gamer pilot","unique","s1"
"game.research.field_notes","game","research","Sổ tay thực địa","Ghi chú tự động từ BattleEvent","gamer pilot","unique","s1"
"game.research.research_milestone","game","research","Mốc nghiên cứu","Mở khóa gợi ý chiến thuật","gamer pilot","unique","s1"
"game.research.habitat_map","game","research","Bản đồ môi trường sống","Quái xuất hiện ở đâu, khi nào","gamer pilot","unique","s1"
"game.research.specimen_gallery","game","research","Bộ sưu tập mẫu vật","Mô hình quái 3 sao","gamer pilot","unique","s1"
"game.puzzles.puzzle_home","game","puzzles","Câu đố chiến thuật","Thắng trong N lượt với đội cho sẵn","gamer pilot","unique","s1"
"game.puzzles.puzzle_daily","game","puzzles","Câu đố hằng ngày","Một câu đố chung toàn server","gamer pilot","unique","s1"
"game.puzzles.puzzle_pack_list","game","puzzles","Bộ câu đố","Theo chủ đề/độ khó","gamer pilot","unique","s1"
"game.puzzles.puzzle_play","game","puzzles","Giải câu đố","Trận có giới hạn lượt, hoàn tác không giới hạn","gamer pilot","unique","s1"
"game.puzzles.puzzle_hint","game","puzzles","Gợi ý","Lời giải từng bước (tốn điểm gợi ý)","gamer pilot","unique","s1"
"game.puzzles.puzzle_result","game","puzzles","Kết quả câu đố","Số lượt, sao, thời gian","gamer pilot","unique","s1"
"game.puzzles.puzzle_leaderboard","game","puzzles","Xếp hạng câu đố","Lời giải ít lượt nhất","gamer pilot","unique","s1"
"game.puzzles.puzzle_share","game","puzzles","Chia sẻ lời giải","Mã replay của lời giải","gamer pilot","unique","s1"
"game.seasons_weather.season_overview","game","seasons_weather","Mùa trong năm","Xuân/Hạ/Thu/Đông đổi theo tuần thật","gamer pilot","unique","s1"
"game.seasons_weather.season_effects","game","seasons_weather","Hiệu ứng mùa","Buff/debuff theo mùa lên lớp nhân vật","gamer pilot","unique","s1"
"game.seasons_weather.weather_forecast","game","seasons_weather","Dự báo thời tiết","Thời tiết 3 ngày tới trên mỗi vùng","gamer pilot","unique","s1"
"game.seasons_weather.weather_battle_preview","game","seasons_weather","Thời tiết trong trận","Mưa giảm lửa, sương tăng né…","gamer pilot","unique","s1"
"game.seasons_weather.season_collectibles","game","seasons_weather","Vật phẩm theo mùa","Chỉ thu được trong mùa","gamer pilot","unique","s1"
"game.seasons_weather.season_journal","game","seasons_weather","Nhật ký bốn mùa","Hoạt động đã làm trong mùa","gamer pilot","unique","s1"
"game.accessibility_plus.one_hand_mode","game","accessibility_plus","Chế độ một tay","Bố cục nút cho một tay","gamer user","unique","s1"
"game.accessibility_plus.colorblind_preview","game","accessibility_plus","Xem trước chế độ mù màu","3 bộ lọc + palette an toàn","gamer user","unique","s1"
"game.accessibility_plus.text_to_speech","game","accessibility_plus","Đọc văn bản","Đọc thoại/menu bằng TTS nền tảng","gamer user","unique","s1"
"game.accessibility_plus.battle_pace_assist","game","accessibility_plus","Trợ giúp nhịp độ","Tắt giới hạn thời gian, gợi ý mục tiêu","gamer user","unique","s1"
"game.accessibility_plus.motion_comfort","game","accessibility_plus","Giảm chuyển động","Tắt rung, flash, parallax","gamer user","unique","s1"
"game.accessibility_plus.input_remap_gamepad","game","accessibility_plus","Gán nút tay cầm","Hỗ trợ gamepad đầy đủ","gamer user","unique","s1"
"game.accessibility_plus.subtitle_style","game","accessibility_plus","Kiểu phụ đề","Cỡ, nền, màu người nói","gamer user","unique","s1"
"game.accessibility_plus.difficulty_assist","game","accessibility_plus","Hỗ trợ độ khó","Chế độ kể chuyện","gamer user","unique","s1"
"game.chronicle.chronicle_home","game","chronicle","Biên niên sử","Nhật ký hành trình sinh từ DomainEvent","gamer pilot","unique","s2"
"game.chronicle.chronicle_chapter","game","chronicle","Chương biên niên","Tóm tắt từng chương đã chơi","gamer pilot","unique","s2"
"game.chronicle.chronicle_bard","game","chronicle","Người kể chuyện","Bard viết lại hành trình thành truyện (AI, có kiểm duyệt)","gamer pilot","unique","s2"
"game.chronicle.chronicle_export","game","chronicle","Xuất biên niên","Xuất thành sách ảnh/PDF","gamer pilot","unique","s2"
"game.chronicle.rewind_prompt","game","chronicle","Tua ngược lượt","Dùng Cát Thời Gian quay lại 1 lượt (replay tất định)","gamer pilot","unique","s2"
"game.chronicle.battle_timeline_branch","game","chronicle","Nhánh dòng thời gian","Xem các nhánh đã thử trong một trận","gamer pilot","unique","s2"
"game.chronicle.what_if_sandbox","game","chronicle","Giả định ""Nếu như""","Rẽ nhánh từ một lượt bất kỳ trong replay","gamer pilot","unique","s2"
"game.chronicle.ghost_compare","game","chronicle","So với bóng ma","Chạy song song lời giải của người khác","gamer pilot","unique","s2"
"game.chronicle.time_sand_wallet","game","chronicle","Cát Thời Gian","Nguồn và số dư tài nguyên tua ngược","gamer pilot","unique","s2"
"game.chronicle.chronicle_milestones","game","chronicle","Cột mốc","Khoảnh khắc đáng nhớ được đánh dấu tự động","gamer pilot","unique","s2"
"game.theater.theater_home","game","theater","Nhà hát replay","Highlight tự động từ BattleEvent","gamer pilot","unique","s2"
"game.theater.highlight_reel","game","theater","Cuộn highlight","Clip chí mạng, lật kèo, one-shot","gamer pilot","unique","s2"
"game.theater.highlight_editor","game","theater","Sửa highlight","Cắt, tốc độ, camera","gamer pilot","unique","s2"
"game.theater.highlight_share","game","theater","Chia sẻ highlight","Xuất GIF/MP4 hoặc mã replay","gamer pilot","unique","s2"
"game.theater.theater_featured","game","theater","Replay nổi bật","Tuyển chọn cộng đồng","gamer pilot","unique","s2"
"game.theater.theater_commentary","game","theater","Bình luận replay","Bình luận theo mốc thời gian","gamer pilot","unique","s2"
"game.theater.director_camera","game","theater","Camera đạo diễn","Góc máy tự do khi phát lại","gamer pilot","unique","s2"
"game.theater.theater_playlist","game","theater","Danh sách phát","Gom replay theo chủ đề","gamer pilot","unique","s2"
"game.world_voice.story_vote_home","game","world_voice","Bỏ phiếu cốt truyện","Toàn server chọn hướng đi sự kiện mùa","gamer pilot","unique","s2"
"game.world_voice.story_vote_detail","game","world_voice","Chi tiết lựa chọn","Hệ quả dự kiến của từng phương án","gamer pilot","unique","s2"
"game.world_voice.story_vote_result","game","world_voice","Kết quả bỏ phiếu","Tỉ lệ và cutscene kết quả","gamer pilot","unique","s2"
"game.world_voice.world_goal_home","game","world_voice","Mục tiêu thế giới","Cả server cùng góp tài nguyên xây cầu, đẩy lùi bóng tối","gamer pilot","unique","s2"
"game.world_voice.world_goal_contribute","game","world_voice","Đóng góp mục tiêu","Góp vật phẩm/trận thắng","gamer pilot","unique","s2"
"game.world_voice.world_goal_rewards","game","world_voice","Thưởng mục tiêu thế giới","Mốc thưởng chung","gamer pilot","unique","s2"
"game.world_voice.world_state_map","game","world_voice","Bản đồ trạng thái thế giới","Vùng bị bóng tối lan/đẩy lùi theo hoạt động toàn server","gamer pilot","unique","s2"
"game.world_voice.echo_glyph_place","game","world_voice","Khắc dấu ấn","Để lại ký hiệu gợi ý cho người chơi khác (từ vựng giới hạn)","gamer pilot","unique","s2"
"game.world_voice.echo_glyph_read","game","world_voice","Đọc dấu ấn","Xem, đánh giá dấu ấn","gamer pilot","unique","s2"
"game.world_voice.echo_ghost_path","game","world_voice","Vệt bóng ma","Thấy đường đi của người chơi khác trên map","gamer pilot","unique","s2"
"game.rift.rift_home","game","rift","Vết Nứt","Hầm ngục sinh thủ tục theo seed hằng ngày","gamer pilot","unique","s3"
"game.rift.rift_seed_select","game","rift","Chọn seed","Seed ngày, seed tuần, seed tùy chỉnh","gamer pilot","unique","s3"
"game.rift.rift_floor_map","game","rift","Bản đồ tầng","Phòng sinh từ tileset + luật ghép","gamer pilot","unique","s3"
"game.rift.rift_room_event","game","rift","Phòng sự kiện","Sự kiện ngẫu nhiên tất định","gamer pilot","unique","s3"
"game.rift.rift_modifier_select","game","rift","Chọn biến đổi","Chấp nhận biến đổi khó để tăng thưởng","gamer pilot","unique","s3"
"game.rift.rift_treasure","game","rift","Kho báu Vết Nứt","Chọn 1 trong 3 phần thưởng","gamer pilot","unique","s3"
"game.rift.rift_merchant","game","rift","Thương nhân lạc lối","Mua bằng mảnh vỡ tạm thời","gamer pilot","unique","s3"
"game.rift.rift_boss_gate","game","rift","Cổng boss","Boss ghép từ pha ngẫu nhiên","gamer pilot","unique","s3"
"game.rift.rift_summary","game","rift","Tổng kết Vết Nứt","Điểm, tầng, seed để chia sẻ","gamer pilot","unique","s3"
"game.rift.rift_leaderboard","game","rift","Xếp hạng Vết Nứt","Theo seed","gamer pilot","unique","s3"
"game.dreams.dream_gate","game","dreams","Cổng giấc mơ","Mỗi anh hùng có một hầm ngục ký ức","gamer pilot","unique","s3"
"game.dreams.dream_map","game","dreams","Bản đồ giấc mơ","Map đảo màu/đảo chiều từ map gốc","gamer pilot","unique","s3"
"game.dreams.dream_memory","game","dreams","Mảnh ký ức","Cảnh truyện mở khóa","gamer pilot","unique","s3"
"game.dreams.dream_nightmare","game","dreams","Ác mộng","Phiên bản khó của boss từng đánh","gamer pilot","unique","s3"
"game.dreams.dream_reward","game","dreams","Thưởng giấc mơ","Nội tại riêng của anh hùng","gamer pilot","unique","s3"
"game.dreams.dream_collection","game","dreams","Bộ sưu tập ký ức","Ký ức đã thu thập","gamer pilot","unique","s3"
"game.dreams.dream_lucid","game","dreams","Giấc mơ tỉnh","Người chơi tự chọn luật trận","gamer pilot","unique","s3"
"game.dreams.dream_wake","game","dreams","Tỉnh giấc","Tổng kết và quay về","gamer pilot","unique","s3"
"game.soul_cards.cards_home","game","soul_cards","Thẻ Linh Hồn","Chế độ đấu thẻ chạy trên cùng BattleEngine","gamer pilot","unique","s3"
"game.soul_cards.card_collection","game","soul_cards","Bộ sưu tập thẻ","Thẻ rơi từ trận và nghiên cứu","gamer pilot","unique","s3"
"game.soul_cards.card_detail","game","soul_cards","Chi tiết thẻ","Hiệu ứng, từ khóa","gamer pilot","unique","s3"
"game.soul_cards.deck_list","game","soul_cards","Danh sách bộ bài","Bộ đã lưu","gamer pilot","unique","s3"
"game.soul_cards.deck_builder","game","soul_cards","Xây bộ bài","30 thẻ, giới hạn theo lớp","gamer pilot","unique","s3"
"game.soul_cards.deck_stats","game","soul_cards","Thống kê bộ bài","Đường cong năng lượng, tỉ lệ thắng","gamer pilot","unique","s3"
"game.soul_cards.card_battle","game","soul_cards","Trận đấu thẻ","Rút thẻ thay cho chọn kỹ năng","gamer pilot","unique","s3"
"game.soul_cards.card_mulligan","game","soul_cards","Đổi bài đầu","Chọn giữ/đổi bài","gamer pilot","unique","s3"
"game.soul_cards.card_draft","game","soul_cards","Draft","Chọn thẻ luân phiên xây bộ tạm","gamer pilot","unique","s3"
"game.soul_cards.card_ladder","game","soul_cards","Bậc xếp hạng thẻ","PvP bất đồng bộ","gamer pilot","unique","s3"
"game.soul_cards.card_craft","game","soul_cards","Chế thẻ","Dùng bụi linh hồn","gamer pilot","unique","s3"
"game.soul_cards.card_puzzles","game","soul_cards","Câu đố thẻ","Câu đố riêng cho chế độ thẻ","gamer pilot","unique","s3"
"game.challenges.boss_rush_home","game","challenges","Boss liên hoàn","Đánh liên tiếp boss đã gặp","gamer pilot","unique","s3"
"game.challenges.boss_rush_result","game","challenges","Kết quả boss liên hoàn","Thời gian, số lượt","gamer pilot","unique","s3"
"game.challenges.weekly_modifiers","game","challenges","Luật tuần","Luật biến đổi áp dụng mọi trận trong tuần","gamer pilot","unique","s3"
"game.challenges.speedrun_home","game","challenges","Speedrun","Hạng mục speedrun chính thức","gamer pilot","unique","s3"
"game.challenges.speedrun_timer","game","challenges","Đồng hồ speedrun","Split theo chương, xác minh bằng replay","gamer pilot","unique","s3"
"game.challenges.speedrun_board","game","challenges","Bảng speedrun","Top theo hạng mục","gamer pilot","unique","s3"
"game.challenges.ironman_start","game","challenges","Chế độ Thiết Nhân","Chết là mất anh hùng vĩnh viễn","gamer pilot","unique","s3"
"game.challenges.ironman_memorial","game","challenges","Đài tưởng niệm","Anh hùng đã ngã","gamer pilot","unique","s3"
"game.challenges.ironman_leaderboard","game","challenges","Xếp hạng Thiết Nhân","Tiến độ xa nhất","gamer pilot","unique","s3"
"game.challenges.challenge_badges","game","challenges","Huy hiệu thử thách","Huy hiệu hoàn thành","gamer pilot","unique","s3"
"game.act_two.act_two_prologue","game","act_two","Mở đầu Hồi II","Thế giới bên kia bình minh","gamer pilot","unique","s4"
"game.act_two.dual_world_toggle","game","act_two","Chuyển thế giới","Đổi giữa Bình Minh và Hoàng Hôn trên cùng map","gamer pilot","unique","s4"
"game.act_two.dual_world_diff","game","act_two","Khác biệt hai thế giới","Vật cản/lối đi chỉ có ở một phía","gamer pilot","unique","s4"
"game.act_two.mirror_npc","game","act_two","NPC phản chiếu","Phiên bản ngược của NPC cũ","gamer pilot","unique","s4"
"game.act_two.act_two_region_map","game","act_two","Bản đồ Hồi II","6 vùng mới","gamer pilot","unique","s4"
"game.act_two.artifact_shards","game","act_two","Mảnh cổ vật","12 mảnh (6 Hồi I + 6 Hồi II)","gamer pilot","unique","s4"
"game.act_two.artifact_forge","game","act_two","Rèn cổ vật","Ghép mảnh mở quyền năng toàn đội","gamer pilot","unique","s4"
"game.act_two.relic_list","game","act_two","Di vật","Di vật trang bị cho đội","gamer pilot","unique","s4"
"game.act_two.relic_detail","game","act_two","Chi tiết di vật","Hiệu ứng, lore","gamer pilot","unique","s4"
"game.act_two.relic_upgrade","game","act_two","Nâng di vật","Nâng cấp","gamer pilot","unique","s4"
"game.act_two.ending_gallery","game","act_two","Thư viện kết thúc","6 kết thúc đã mở","gamer pilot","unique","s4"
"game.act_two.true_ending_path","game","act_two","Con đường kết thúc thật","Điều kiện kết thúc thứ 6","gamer pilot","unique","s4"
"game.caravan.caravan_home","game","caravan","Đoàn buôn","Tuyến buôn giữa các vùng","gamer pilot","unique","s4"
"game.caravan.caravan_routes","game","caravan","Tuyến đường","Tuyến đã mở, rủi ro, lợi nhuận","gamer pilot","unique","s4"
"game.caravan.caravan_load","game","caravan","Chất hàng","Chọn hàng theo sức chứa","gamer pilot","unique","s4"
"game.caravan.caravan_escort","game","caravan","Hộ tống","Chọn đội hộ tống (trận phục kích)","gamer pilot","unique","s4"
"game.caravan.caravan_travel","game","caravan","Hành trình","Tiến độ thời gian thực","gamer pilot","unique","s4"
"game.caravan.caravan_ambush","game","caravan","Phục kích","Trận khi bị chặn đường","gamer pilot","unique","s4"
"game.caravan.caravan_market_prices","game","caravan","Giá vùng","Giá thay đổi theo cung cầu toàn server","gamer pilot","unique","s4"
"game.caravan.caravan_ledger","game","caravan","Sổ buôn","Lãi/lỗ từng chuyến","gamer pilot","unique","s4"
"game.caravan.caravan_upgrade","game","caravan","Nâng đoàn buôn","Xe, ngựa, bảo vệ","gamer pilot","unique","s4"
"game.professions.profession_hub","game","professions","Nghề nghiệp","Rèn, may, luyện kim, khắc ấn, nấu ăn, trồng trọt","gamer pilot","unique","s4"
"game.professions.profession_detail","game","professions","Chi tiết nghề","Cấp nghề, công thức mở","gamer pilot","unique","s4"
"game.professions.profession_workbench","game","professions","Bàn làm việc","Chế tạo theo nghề","gamer pilot","unique","s4"
"game.professions.profession_orders","game","professions","Đơn đặt hàng","NPC/người chơi đặt hàng","gamer pilot","unique","s4"
"game.professions.profession_mastery","game","professions","Tinh thông","Chọn chuyên môn","gamer pilot","unique","s4"
"game.professions.farm_plots","game","professions","Ruộng vườn","Trồng nguyên liệu theo mùa","gamer pilot","unique","s4"
"game.professions.farm_harvest","game","professions","Thu hoạch","Kết quả thu hoạch","gamer pilot","unique","s4"
"game.professions.alchemy_lab","game","professions","Phòng luyện kim","Pha thuốc thử nghiệm công thức ẩn","gamer pilot","unique","s4"
"game.raids.raid_home","game","raids","Đột kích","Raid 4 đội × 9 anh hùng, bất đồng bộ","gamer pilot","unique","s4"
"game.raids.raid_boss_intel","game","raids","Tình báo boss","Cơ chế từng pha","gamer pilot","unique","s4"
"game.raids.raid_squad_assign","game","raids","Phân đội","Gán anh hùng cho 4 đội","gamer pilot","unique","s4"
"game.raids.raid_attempt","game","raids","Đánh raid","Mỗi đội một lượt tấn công","gamer pilot","unique","s4"
"game.raids.raid_damage_board","game","raids","Bảng sát thương","Đóng góp của từng thành viên","gamer pilot","unique","s4"
"game.raids.raid_loot_council","game","raids","Chia chiến lợi phẩm","Bỏ phiếu chia đồ","gamer pilot","unique","s4"
"game.raids.raid_history","game","raids","Lịch sử raid","Các lần đánh","gamer pilot","unique","s4"
"game.guild_hall.guild_hall","game","guild_hall","Sảnh bang","Nhà chung trang trí được","gamer","unique","s4"
"game.guild_hall.guild_hall_decorate","game","guild_hall","Trang trí sảnh","Đặt vật phẩm","gamer","unique","s4"
"game.guild_hall.guild_trophy_room","game","guild_hall","Phòng cúp","Cúp raid, giải đấu","gamer","unique","s4"
"game.guild_hall.guild_research","game","guild_hall","Nghiên cứu bang","Buff chung","gamer","unique","s4"
"game.guild_hall.guild_banner_editor","game","guild_hall","Thiết kế cờ bang","Ghép biểu tượng/màu","gamer","unique","s4"
"game.guild_hall.guild_events","game","guild_hall","Sự kiện bang","Lịch hoạt động nội bộ","gamer","unique","s4"
"game.mounts_travel.mount_stable","game","mounts_travel","Chuồng thú cưỡi","Thú cưỡi sở hữu","gamer pilot","unique","s4"
"game.mounts_travel.mount_detail","game","mounts_travel","Chi tiết thú cưỡi","Tốc độ, địa hình","gamer pilot","unique","s4"
"game.mounts_travel.mount_train","game","mounts_travel","Huấn luyện thú cưỡi","Tăng chỉ số","gamer pilot","unique","s4"
"game.mounts_travel.mount_race","game","mounts_travel","Đua thú cưỡi","Minigame đua","gamer pilot","unique","s4"
"game.mounts_travel.airship_dock","game","mounts_travel","Bến khí cầu","Di chuyển giữa Hồi I và Hồi II","gamer pilot","unique","s4"
"game.mounts_travel.travel_journal","game","mounts_travel","Nhật ký lữ hành","Quãng đường, nơi đã qua","gamer pilot","unique","s4"
"game.mentorship.mentor_home","game","mentorship","Sư phụ & đệ tử","Kết nối người chơi lâu năm với người mới","gamer","unique","s4"
"game.mentorship.mentor_find","game","mentorship","Tìm sư phụ","Ghép theo giờ chơi, ngôn ngữ","gamer","unique","s4"
"game.mentorship.mentor_tasks","game","mentorship","Nhiệm vụ thầy trò","Nhiệm vụ làm chung","gamer","unique","s4"
"game.mentorship.mentor_graduation","game","mentorship","Xuất sư","Thưởng cho cả hai","gamer","unique","s4"
"game.mentorship.mentor_rating","game","mentorship","Đánh giá sư phụ","Phản hồi chất lượng","gamer","unique","s4"
"game.mentorship.mentor_hall","game","mentorship","Sảnh sư phụ","Sư phụ tiêu biểu","gamer","unique","s4"
"game.npc_life.npc_schedule","game","npc_life","Lịch sinh hoạt NPC","NPC đi lại theo giờ trong game","gamer pilot","unique","s4"
"game.npc_life.npc_relationship","game","npc_life","Quan hệ NPC","Mức thân thiết với NPC","gamer pilot","unique","s4"
"game.npc_life.npc_gift","game","npc_life","Tặng quà NPC","Sở thích từng NPC","gamer pilot","unique","s4"
"game.npc_life.npc_story","game","npc_life","Truyện NPC","Chuỗi truyện riêng","gamer pilot","unique","s4"
"game.npc_life.bounty_board","game","npc_life","Bảng truy nã","Nhiệm vụ săn quái do NPC treo","gamer pilot","unique","s4"
"game.npc_life.bounty_detail","game","npc_life","Chi tiết truy nã","Mục tiêu, vị trí gợi ý","gamer pilot","unique","s4"
"game.npc_life.bounty_turn_in","game","npc_life","Nộp truy nã","Nhận thưởng","gamer pilot","unique","s4"
"game.npc_life.town_gossip","game","npc_life","Tin đồn","Gợi ý bí mật từ NPC","gamer pilot","unique","s4"
"game.cross_play.cross_progress_link","game","cross_play","Liên kết tiến trình","Chơi tiếp trên thiết bị khác","gamer user","unique","s4"
"game.cross_play.cross_device_list","game","cross_play","Thiết bị liên kết","Quản lý thiết bị","gamer user","unique","s4"
"game.cross_play.cross_handoff","game","cross_play","Chuyển thiết bị","Mã QR tiếp tục trên máy khác","gamer user","unique","s4"
"game.cross_play.cross_play_settings","game","cross_play","Cài đặt chơi chéo","Ghép trận chéo nền tảng","gamer user","unique","s4"
"game.cross_play.cloud_save_history","game","cross_play","Lịch sử cloud save","Khôi phục bản cũ","gamer user","unique","s4"
"game.museum.hero_museum","game","museum","Bảo tàng anh hùng","Trưng bày anh hùng + trang phục","gamer pilot","unique","s1"
"game.museum.diorama_editor","game","museum","Dựng diorama","Sắp đặt cảnh với nhân vật, đạo cụ","gamer pilot","unique","s1"
"game.museum.diorama_gallery","game","museum","Triển lãm diorama","Diorama của cộng đồng","gamer pilot","unique","s1"
"game.museum.diorama_like","game","museum","Bình chọn diorama","Thích, lưu","gamer pilot","unique","s1"
"game.museum.museum_visitors","game","museum","Khách tham quan","Ai đã xem bảo tàng","gamer pilot","unique","s1"
"game.museum.treasure_hunt","game","museum","Truy tìm kho báu","Câu đố bản đồ theo mảnh giấy","gamer pilot","unique","s1"
"game.museum.treasure_map_piece","game","museum","Mảnh bản đồ kho báu","Ghép mảnh","gamer pilot","unique","s1"
"game.museum.treasure_dig","game","museum","Đào kho báu","Kết quả","gamer pilot","unique","s1"
"game.museum.lore_quiz","game","museum","Đố vui truyền thuyết","Câu hỏi về thế giới","gamer pilot","unique","s1"
"game.stream_interact.stream_link","game","stream_interact","Liên kết kênh stream","Kết nối Twitch/YouTube","gamer","unique","s2"
"game.stream_interact.stream_mode","game","stream_interact","Chế độ streamer","Ẩn thông tin cá nhân, overlay an toàn","gamer","unique","s2"
"game.stream_interact.viewer_vote_live","game","stream_interact","Khán giả bỏ phiếu","Khán giả chọn kỹ năng/nhánh","gamer","unique","s2"
"game.stream_interact.viewer_gift_receive","game","stream_interact","Quà khán giả","Nhận buff vui do khán giả tặng","gamer","unique","s2"
"game.stream_interact.stream_recap","game","stream_interact","Tổng kết buổi stream","Highlight, lượt tương tác","gamer","unique","s2"
"companion.companion.companion_login","companion","companion","Đăng nhập companion","Dùng tài khoản game","gamer user pilot","unique","s1"
"companion.companion.companion_home","companion","companion","Trang chủ companion","Tình trạng làng, năng lượng, thám hiểm","gamer user pilot","unique","s1"
"companion.companion.companion_notifications","companion","companion","Thông báo","Thám hiểm xong, năng lượng đầy","gamer user pilot","unique","s1"
"companion.companion.companion_expeditions","companion","companion","Thám hiểm","Gửi/nhận thám hiểm từ điện thoại","gamer user pilot","unique","s1"
"companion.companion.companion_village","companion","companion","Làng","Thu hoạch tài nguyên","gamer user pilot","unique","s1"
"companion.companion.companion_farm","companion","companion","Ruộng vườn","Tưới, thu hoạch","gamer user pilot","unique","s1"
"companion.companion.companion_caravan","companion","companion","Đoàn buôn","Theo dõi chuyến buôn","gamer user pilot","unique","s1"
"companion.companion.companion_mail","companion","companion","Hộp thư","Nhận quà","gamer user pilot","unique","s1"
"companion.companion.companion_chat_guild","companion","companion","Chat bang","Chat khi không vào game","gamer user pilot","unique","s1"
"companion.companion.companion_chat_private","companion","companion","Chat riêng","Tin nhắn bạn bè","gamer user pilot","unique","s1"
"companion.companion.companion_friends","companion","companion","Bạn bè","Danh sách, lời mời","gamer user pilot","unique","s1"
"companion.companion.companion_guild","companion","companion","Bang hội","Thông báo bang, điểm danh bang","gamer user pilot","unique","s1"
"companion.companion.companion_raid_plan","companion","companion","Kế hoạch raid","Phân đội raid trên điện thoại","gamer user pilot","unique","s1"
"companion.companion.companion_heroes","companion","companion","Anh hùng","Xem chỉ số, trang bị","gamer user pilot","unique","s1"
"companion.companion.companion_hero_detail","companion","companion","Chi tiết anh hùng","Build hiện tại","gamer user pilot","unique","s1"
"companion.companion.companion_lineup_planner","companion","companion","Lên đội hình","Soạn đội hình, đồng bộ vào game","gamer user pilot","unique","s1"
"companion.companion.companion_build_planner","companion","companion","Lên build","Thiên phú, trang bị giả định","gamer user pilot","unique","s1"
"companion.companion.companion_codex","companion","companion","Bách khoa","Tra cứu offline","gamer user pilot","unique","s1"
"companion.companion.companion_map","companion","companion","Bản đồ thế giới","Bản đồ tương tác, đánh dấu","gamer user pilot","unique","s1"
"companion.companion.companion_events","companion","companion","Sự kiện","Lịch sự kiện, nhắc nhở","gamer user pilot","unique","s1"
"companion.companion.companion_festival","companion","companion","Lễ hội","Hoạt động lễ hội ngoài game","gamer user pilot","unique","s1"
"companion.companion.companion_checkin","companion","companion","Điểm danh","Điểm danh từ điện thoại","gamer user pilot","unique","s1"
"companion.companion.companion_shop","companion","companion","Cửa hàng","Mua gói (web payment nơi được phép)","gamer user pilot","unique","s1"
"companion.companion.companion_market","companion","companion","Chợ","Theo dõi giá, đặt lệnh","gamer user pilot","unique","s1"
"companion.companion.companion_leaderboards","companion","companion","Xếp hạng","Các bảng xếp hạng","gamer user pilot","unique","s1"
"companion.companion.companion_replays","companion","companion","Replay","Xem replay trên điện thoại","gamer user pilot","unique","s1"
"companion.companion.companion_highlights","companion","companion","Highlight","Clip của tôi","gamer user pilot","unique","s1"
"companion.companion.companion_puzzle_daily","companion","companion","Câu đố ngày","Giải câu đố ngày trên điện thoại","gamer user pilot","unique","s1"
"companion.companion.companion_cards_deck","companion","companion","Bộ bài thẻ","Sửa bộ bài","gamer user pilot","unique","s1"
"companion.companion.companion_research","companion","companion","Nghiên cứu","Tiến độ bestiary","gamer user pilot","unique","s1"
"companion.companion.companion_chronicle","companion","companion","Biên niên sử","Đọc biên niên","gamer user pilot","unique","s1"
"companion.companion.companion_account","companion","companion","Tài khoản","Bảo mật, thiết bị","gamer user pilot","unique","s1"
"companion.companion.companion_parental","companion","companion","Phụ huynh","Giới hạn thời gian/chi tiêu","gamer user pilot","unique","s1"
"companion.companion.companion_support","companion","companion","Hỗ trợ","Ticket","gamer user pilot","unique","s1"
"companion.companion.companion_settings","companion","companion","Cài đặt","Thông báo, ngôn ngữ","gamer user pilot","unique","s1"
"companion.companion.companion_widgets","companion","companion","Widget","Cấu hình widget màn hình chính","gamer user pilot","unique","s1"
"companion.companion.companion_qr_login","companion","companion","Đăng nhập bằng QR","Quét để đăng nhập máy tính","gamer user pilot","unique","s1"
"companion.companion.companion_2fa","companion","companion","Xác thực 2 lớp","Duyệt đăng nhập mới","gamer user pilot","unique","s1"
"companion.companion.companion_offline","companion","companion","Ngoại tuyến","Dữ liệu cache","gamer user pilot","unique","s1"
"companion.companion.companion_onboarding","companion","companion","Giới thiệu companion","Hướng dẫn lần đầu","gamer user pilot","unique","s1"
"stream.streamer.streamer_home","stream","streamer","Bảng điều khiển streamer","Trạng thái kết nối, khán giả","gamer creator","unique","s2"
"stream.streamer.streamer_connect","stream","streamer","Kết nối nền tảng","Twitch/YouTube OAuth","gamer creator","unique","s2"
"stream.streamer.streamer_overlay_builder","stream","streamer","Tạo overlay","Kéo thả widget overlay","gamer creator","unique","s2"
"stream.streamer.streamer_overlay_preview","stream","streamer","Xem trước overlay","Mô phỏng trên nền game","gamer creator","unique","s2"
"stream.streamer.streamer_vote_config","stream","streamer","Cấu hình bỏ phiếu","Loại phiếu khán giả được phép","gamer creator","unique","s2"
"stream.streamer.streamer_vote_live","stream","streamer","Phiếu đang chạy","Theo dõi phiếu","gamer creator","unique","s2"
"stream.streamer.streamer_gift_rules","stream","streamer","Luật quà khán giả","Buff nào được bật","gamer creator","unique","s2"
"stream.streamer.streamer_safety","stream","streamer","An toàn","Chặn spoiler, lọc từ","gamer creator","unique","s2"
"stream.streamer.streamer_highlights","stream","streamer","Highlight buổi stream","Clip tự động","gamer creator","unique","s2"
"stream.streamer.streamer_analytics","stream","streamer","Phân tích kênh","Tương tác theo buổi","gamer creator","unique","s2"
"stream.streamer.streamer_drops","stream","streamer","Drops","Phần thưởng khán giả xem stream","gamer creator","unique","s2"
"stream.streamer.streamer_drops_campaign","stream","streamer","Chiến dịch drops","Điều kiện nhận","gamer creator","unique","s2"
"stream.streamer.streamer_schedule","stream","streamer","Lịch stream","Đồng bộ lịch sự kiện game","gamer creator","unique","s2"
"stream.streamer.streamer_challenges","stream","streamer","Thử thách cho streamer","Thử thách do cộng đồng đặt","gamer creator","unique","s2"
"stream.streamer.streamer_coop_invite","stream","streamer","Mời khán giả co-op","Khán giả vào đội","gamer creator","unique","s2"
"stream.streamer.streamer_settings","stream","streamer","Cài đặt streamer","Độ trễ, quyền","gamer creator","unique","s2"
"stream.viewer.viewer_panel","stream","viewer","Bảng khán giả","Extension trong trang stream","gamer","unique","s2"
"stream.viewer.viewer_vote","stream","viewer","Bỏ phiếu","Chọn kỹ năng/nhánh","gamer","unique","s2"
"stream.viewer.viewer_predictions","stream","viewer","Dự đoán","Đoán kết quả trận","gamer","unique","s2"
"stream.viewer.viewer_hero_inspect","stream","viewer","Soi anh hùng","Xem build của streamer","gamer","unique","s2"
"stream.viewer.viewer_gift","stream","viewer","Tặng buff","Dùng điểm kênh tặng buff vui","gamer","unique","s2"
"stream.viewer.viewer_leaderboard","stream","viewer","Xếp hạng khán giả","Khán giả tích cực","gamer","unique","s2"
"stream.viewer.viewer_drops_progress","stream","viewer","Tiến độ drops","Thời gian xem","gamer","unique","s2"
"stream.viewer.viewer_link_account","stream","viewer","Liên kết tài khoản game","Nhận drops vào game","gamer","unique","s2"
"stream.viewer.viewer_replay_moment","stream","viewer","Xem lại khoảnh khắc","Tua lại lượt vừa xảy ra","gamer","unique","s2"
"stream.viewer.viewer_settings","stream","viewer","Cài đặt khán giả","Ẩn/hiện panel","gamer","unique","s2"
"observer.casting.observer_lobby","observer","casting","Sảnh quan sát","Trận giải đấu đang diễn ra","admin gamer","unique","s2"
"observer.casting.observer_match","observer","casting","Quan sát trận","Góc nhìn toàn cảnh, không trễ với caster","admin gamer","unique","s2"
"observer.casting.observer_stats_overlay","observer","casting","Overlay thống kê","Sát thương, năng lượng, lực chiến","admin gamer","unique","s2"
"observer.casting.observer_predictions","observer","casting","Dự đoán thắng","Mô phỏng Monte Carlo từ trạng thái hiện tại","admin gamer","unique","s2"
"observer.casting.observer_timeline","observer","casting","Dòng thời gian trận","Đánh dấu sự kiện chính","admin gamer","unique","s2"
"observer.casting.observer_instant_replay","observer","casting","Replay tức thì","Phát lại lượt quan trọng","admin gamer","unique","s2"
"observer.casting.observer_camera_director","observer","casting","Đạo diễn camera","Chuyển góc nhìn cho luồng phát","admin gamer","unique","s2"
"observer.casting.observer_caster_notes","observer","casting","Ghi chú caster","Dữ liệu đối đầu, lịch sử","admin gamer","unique","s2"
"observer.casting.observer_head_to_head","observer","casting","Đối đầu","Thành tích hai đội","admin gamer","unique","s2"
"observer.casting.observer_draft_view","observer","casting","Xem cấm/chọn","Pha cấm chọn anh hùng","admin gamer","unique","s2"
"observer.casting.observer_bracket_overlay","observer","casting","Overlay nhánh đấu","Hiển thị nhánh","admin gamer","unique","s2"
"observer.casting.observer_break_screen","observer","casting","Màn giải lao","Quảng cáo, thống kê","admin gamer","unique","s2"
"observer.casting.observer_mvp","observer","casting","MVP","Chọn và hiển thị MVP","admin gamer","unique","s2"
"observer.casting.observer_broadcast_settings","observer","casting","Cài đặt phát sóng","Độ phân giải, trễ","admin gamer","unique","s2"
"observer.casting.observer_spoiler_delay","observer","casting","Trễ chống lộ","Trễ luồng công khai","admin gamer","unique","s2"
"observer.casting.observer_multi_view","observer","casting","Đa màn","Xem nhiều trận cùng lúc","admin gamer","unique","s2"
"observer.casting.observer_graphics_package","observer","casting","Gói đồ họa","Chủ đề giải đấu","admin gamer","unique","s2"
"observer.casting.observer_sponsor_slots","observer","casting","Vị trí nhà tài trợ","Logo, thời lượng","admin gamer","unique","s2"
"observer.casting.observer_referee","observer","casting","Trọng tài","Tạm dừng, xử tranh chấp","admin gamer","unique","s2"
"observer.casting.observer_match_report","observer","casting","Biên bản trận","Xuất biên bản","admin gamer","unique","s2"
"workshop.mods.workshop_home","workshop","mods","Workshop","Mod dữ liệu và level cộng đồng","creator gamer","unique","s3"
"workshop.mods.mod_browse","workshop","mods","Duyệt mod","Lọc theo loại, phiên bản","creator gamer","unique","s3"
"workshop.mods.mod_detail","workshop","mods","Chi tiết mod","Mô tả, ảnh, tương thích","creator gamer","unique","s3"
"workshop.mods.mod_install","workshop","mods","Cài mod","Tải content pack đã ký","creator gamer","unique","s3"
"workshop.mods.mod_manager","workshop","mods","Quản lý mod","Bật/tắt, thứ tự ưu tiên","creator gamer","unique","s3"
"workshop.mods.mod_conflicts","workshop","mods","Xung đột mod","Mod ghi đè cùng ID","creator gamer","unique","s3"
"workshop.mods.mod_reviews","workshop","mods","Đánh giá mod","Nhận xét cộng đồng","creator gamer","unique","s3"
"workshop.mods.mod_report","workshop","mods","Báo cáo mod","Vi phạm","creator gamer","unique","s3"
"workshop.mods.mod_collections","workshop","mods","Bộ sưu tập mod","Gói nhiều mod","creator gamer","unique","s3"
"workshop.mods.mod_changelog","workshop","mods","Nhật ký mod","Các phiên bản","creator gamer","unique","s3"
"workshop.mods.creator_dashboard","workshop","mods","Bảng điều khiển creator","Lượt tải, đánh giá, thu nhập","creator gamer","unique","s3"
"workshop.mods.mod_upload","workshop","mods","Tải lên mod","Content pack + metadata","creator gamer","unique","s3"
"workshop.mods.mod_validation","workshop","mods","Kiểm tra mod","Chạy content-compiler + quét an ninh","creator gamer","unique","s3"
"workshop.mods.mod_versions","workshop","mods","Phiên bản mod","Quản lý phát hành","creator gamer","unique","s3"
"workshop.mods.mod_pricing","workshop","mods","Định giá","Miễn phí hoặc trả bằng creator token","creator gamer","unique","s3"
"workshop.mods.creator_earnings","workshop","mods","Thu nhập creator","Doanh thu chia sẻ","creator gamer","unique","s3"
"workshop.mods.creator_payout","workshop","mods","Rút tiền","Yêu cầu thanh toán","creator gamer","unique","s3"
"workshop.mods.creator_tax_info","workshop","mods","Thông tin thuế","Hồ sơ thuế","creator gamer","unique","s3"
"workshop.mods.creator_guidelines","workshop","mods","Quy tắc creator","Nội dung được phép","creator gamer","unique","s3"
"workshop.mods.creator_sdk_docs","workshop","mods","Tài liệu SDK mod","Schema, ví dụ","creator gamer","unique","s3"
"workshop.mods.mod_template_gallery","workshop","mods","Mẫu mod","Mẫu khởi đầu","creator gamer","unique","s3"
"workshop.mods.mod_playtest","workshop","mods","Chơi thử mod","Chạy mod trong sandbox","creator gamer","unique","s3"
"workshop.mods.mod_analytics","workshop","mods","Phân tích mod","Tỉ lệ hoàn thành, gỡ cài","creator gamer","unique","s3"
"workshop.mods.creator_followers","workshop","mods","Người theo dõi","Theo dõi creator","creator gamer","unique","s3"
"workshop.mods.creator_jams","workshop","mods","Game jam","Cuộc thi làm mod theo chủ đề","creator gamer","unique","s3"
"workshop.mods.creator_jam_detail","workshop","mods","Chi tiết jam","Luật, giải thưởng","creator gamer","unique","s3"
"workshop.mods.creator_jam_submit","workshop","mods","Nộp bài jam","Nộp mod dự thi","creator gamer","unique","s3"
"workshop.mods.creator_jam_results","workshop","mods","Kết quả jam","Xếp hạng","creator gamer","unique","s3"
"locportal.community_translation.loc_home","locportal","community_translation","Cổng dịch cộng đồng","Ngôn ngữ đang cần người dịch","creator gamer","unique","s4"
"locportal.community_translation.loc_join","locportal","community_translation","Tham gia dịch","Chọn ngôn ngữ, bài test","creator gamer","unique","s4"
"locportal.community_translation.loc_placement_test","locportal","community_translation","Bài kiểm tra dịch","Đánh giá trình độ","creator gamer","unique","s4"
"locportal.community_translation.loc_workspace","locportal","community_translation","Không gian dịch","Dịch theo key, có ảnh ngữ cảnh","creator gamer","unique","s4"
"locportal.community_translation.loc_context_viewer","locportal","community_translation","Ngữ cảnh","Ảnh chụp ScreenId chứa key","creator gamer","unique","s4"
"locportal.community_translation.loc_suggestions","locportal","community_translation","Đề xuất bản dịch","Bình chọn bản dịch tốt nhất","creator gamer","unique","s4"
"locportal.community_translation.loc_glossary","locportal","community_translation","Thuật ngữ","Thuật ngữ bắt buộc","creator gamer","unique","s4"
"locportal.community_translation.loc_discussions","locportal","community_translation","Thảo luận","Thảo luận theo key","creator gamer","unique","s4"
"locportal.community_translation.loc_progress","locportal","community_translation","Tiến độ ngôn ngữ","% hoàn thành","creator gamer","unique","s4"
"locportal.community_translation.loc_reviewer_queue","locportal","community_translation","Hàng đợi duyệt","Người duyệt cộng đồng","creator gamer","unique","s4"
"locportal.community_translation.loc_contributors","locportal","community_translation","Người đóng góp","Bảng ghi công","creator gamer","unique","s4"
"locportal.community_translation.loc_rewards","locportal","community_translation","Thưởng dịch giả","Quà trong game","creator gamer","unique","s4"
"locportal.community_translation.loc_style_guide","locportal","community_translation","Hướng dẫn văn phong","Theo từng ngôn ngữ","creator gamer","unique","s4"
"locportal.community_translation.loc_ingame_preview","locportal","community_translation","Xem trong game","Mở build với bản dịch nháp","creator gamer","unique","s4"
"locportal.community_translation.loc_report_issue","locportal","community_translation","Báo lỗi dịch","Báo từ người chơi","creator gamer","unique","s4"
"locportal.community_translation.loc_leaderboard","locportal","community_translation","Xếp hạng dịch giả","Đóng góp nhiều nhất","creator gamer","unique","s4"
"locportal.community_translation.loc_new_language","locportal","community_translation","Đề xuất ngôn ngữ mới","Bỏ phiếu ngôn ngữ","creator gamer","unique","s4"
"locportal.community_translation.loc_certificates","locportal","community_translation","Chứng nhận dịch giả","Ghi nhận","creator gamer","unique","s4"
"partner.partners.partner_apply","partner","partners","Đăng ký đối tác","Streamer, YouTuber, fansite","creator admin","unique","s4"
"partner.partners.partner_status","partner","partners","Trạng thái hồ sơ","Duyệt/từ chối","creator admin","unique","s4"
"partner.partners.partner_home","partner","partners","Trang chủ đối tác","Tổng quan quyền lợi","creator admin","unique","s4"
"partner.partners.partner_codes","partner","partners","Mã giới thiệu","Mã creator hỗ trợ","creator admin","unique","s4"
"partner.partners.partner_code_stats","partner","partners","Thống kê mã","Lượt dùng, doanh thu","creator admin","unique","s4"
"partner.partners.partner_assets","partner","partners","Tài nguyên truyền thông","Ảnh, video, logo","creator admin","unique","s4"
"partner.partners.partner_early_access","partner","partners","Truy cập sớm","Build/thông tin trước ra mắt","creator admin","unique","s4"
"partner.partners.partner_embargo","partner","partners","Lịch cấm đăng","Thời điểm được công bố","creator admin","unique","s4"
"partner.partners.partner_campaigns","partner","partners","Chiến dịch","Chiến dịch đang mở","creator admin","unique","s4"
"partner.partners.partner_campaign_detail","partner","partners","Chi tiết chiến dịch","Yêu cầu, thù lao","creator admin","unique","s4"
"partner.partners.partner_deliverables","partner","partners","Sản phẩm bàn giao","Nộp link nội dung","creator admin","unique","s4"
"partner.partners.partner_payouts","partner","partners","Thanh toán đối tác","Lịch sử thanh toán","creator admin","unique","s4"
"partner.partners.partner_contract","partner","partners","Hợp đồng","Ký điện tử","creator admin","unique","s4"
"partner.partners.partner_giveaways","partner","partners","Giveaway","Mã quà cho cộng đồng","creator admin","unique","s4"
"partner.partners.partner_support","partner","partners","Hỗ trợ đối tác","Liên hệ quản lý đối tác","creator admin","unique","s4"
"partner.partners.partner_analytics","partner","partners","Phân tích đối tác","Hiệu quả nội dung","creator admin","unique","s4"
"partner.partners.partner_tiers","partner","partners","Hạng đối tác","Điều kiện lên hạng","creator admin","unique","s4"
"partner.partners.partner_events","partner","partners","Sự kiện đối tác","Gặp mặt, livestream chung","creator admin","unique","s4"
"gm.live_gm.gm_home","gm","live_gm","Bàn điều khiển GM","Tình trạng thế giới trực tiếp","admin","unique","s2"
"gm.live_gm.gm_world_state","gm","live_gm","Trạng thái thế giới","Điều chỉnh bóng tối lan/lùi","admin","unique","s2"
"gm.live_gm.gm_spawn_world_event","gm","live_gm","Tạo sự kiện thế giới","Boss bất ngờ, mưa sao băng","admin","unique","s2"
"gm.live_gm.gm_event_preview","gm","live_gm","Xem trước sự kiện","Mô phỏng tác động kinh tế","admin","unique","s2"
"gm.live_gm.gm_live_announcement","gm","live_gm","Thông báo trực tiếp","Hiển thị banner trong game","admin","unique","s2"
"gm.live_gm.gm_npc_puppet","gm","live_gm","Điều khiển NPC","NPC nói lời thoại trực tiếp trong lễ hội","admin","unique","s2"
"gm.live_gm.gm_story_vote_control","gm","live_gm","Điều khiển bỏ phiếu","Mở/đóng phiếu, công bố","admin","unique","s2"
"gm.live_gm.gm_world_goal_control","gm","live_gm","Điều khiển mục tiêu thế giới","Điều chỉnh ngưỡng","admin","unique","s2"
"gm.live_gm.gm_weather_override","gm","live_gm","Ghi đè thời tiết","Đặt thời tiết theo vùng","admin","unique","s2"
"gm.live_gm.gm_festival_control","gm","live_gm","Điều khiển lễ hội","Bật hoạt động lễ hội","admin","unique","s2"
"gm.live_gm.gm_rift_seed_publish","gm","live_gm","Phát seed Vết Nứt","Seed ngày/tuần đã kiểm tra","admin","unique","s2"
"gm.live_gm.gm_puzzle_publish","gm","live_gm","Phát câu đố ngày","Câu đố đã có lời giải xác minh","admin","unique","s2"
"gm.live_gm.gm_raid_schedule","gm","live_gm","Lịch raid","Mở/đóng raid","admin","unique","s2"
"gm.live_gm.gm_compensation","gm","live_gm","Bồi thường","Gửi quà bồi thường sau sự cố","admin","unique","s2"
"gm.live_gm.gm_rollback_request","gm","live_gm","Yêu cầu rollback","Rollback có phê duyệt 2 người","admin","unique","s2"
"gm.live_gm.gm_live_metrics","gm","live_gm","Chỉ số trực tiếp","Tác động của hành động GM","admin","unique","s2"
"gm.live_gm.gm_action_log","gm","live_gm","Nhật ký GM","Mọi hành động GM","admin","unique","s2"
"gm.live_gm.gm_approval_queue","gm","live_gm","Hàng đợi phê duyệt","Hành động cần người thứ hai","admin","unique","s2"
"gm.live_gm.gm_playbooks","gm","live_gm","Kịch bản vận hành","Quy trình chuẩn cho sự kiện","admin","unique","s2"
"gm.live_gm.gm_safety_limits","gm","live_gm","Giới hạn an toàn","Trần phần thưởng GM được phát","admin","unique","s2"
"gm.live_gm.gm_shift_handover","gm","live_gm","Bàn giao ca","Ghi chú giữa các ca","admin","unique","s2"
"gm.live_gm.gm_chat_broadcast","gm","live_gm","Phát chat","Tin nhắn hệ thống","admin","unique","s2"
"gm.live_gm.gm_region_focus","gm","live_gm","Tập trung vùng","Quan sát một vùng","admin","unique","s2"
"gm.live_gm.gm_player_spotlight","gm","live_gm","Tôn vinh người chơi","Đưa người chơi lên bảng vinh danh","admin","unique","s2"
"console.narrative_ops.bard_policy","console","narrative_ops","Chính sách Bard","Giới hạn nội dung AI kể chuyện","admin creator","unique","s2"
"console.narrative_ops.bard_review_queue","console","narrative_ops","Duyệt nội dung Bard","Mẫu ngẫu nhiên + bị gắn cờ","admin creator","unique","s2"
"console.narrative_ops.bard_cost_dashboard","console","narrative_ops","Chi phí Bard","Token/chi phí mỗi ngày","admin creator","unique","s2"
"console.narrative_ops.bard_quality","console","narrative_ops","Chất lượng Bard","Điểm đánh giá của người chơi","admin creator","unique","s2"
"console.narrative_ops.bard_incidents","console","narrative_ops","Sự cố Bard","Nội dung vi phạm đã chặn","admin creator","unique","s2"
"console.narrative_ops.story_vote_ops","console","narrative_ops","Vận hành bỏ phiếu","Chống gian lận phiếu","admin creator","unique","s2"
"console.narrative_ops.world_goal_ops","console","narrative_ops","Vận hành mục tiêu thế giới","Tiến độ, điều chỉnh","admin creator","unique","s2"
"console.narrative_ops.echo_moderation","console","narrative_ops","Kiểm duyệt dấu ấn","Dấu ấn bị báo cáo","admin creator","unique","s2"
"console.economy_bank.central_bank","console","economy_bank","Ngân hàng trung ương","Tổng cung tiền tệ theo thời gian","admin","unique","s4"
"console.economy_bank.money_supply","console","economy_bank","Cung tiền","Vàng/ngọc tạo ra vs tiêu hủy","admin","unique","s4"
"console.economy_bank.sink_designer","console","economy_bank","Thiết kế điểm tiêu","Đề xuất sink khi lạm phát","admin","unique","s4"
"console.economy_bank.market_regulation","console","economy_bank","Điều tiết chợ","Biên độ giá, thuế giao dịch","admin","unique","s4"
"console.economy_bank.market_manipulation","console","economy_bank","Thao túng chợ","Phát hiện gom hàng","admin","unique","s4"
"console.economy_bank.caravan_price_monitor","console","economy_bank","Giá tuyến buôn","Giá vùng theo cung cầu","admin","unique","s4"
"console.economy_bank.price_index","console","economy_bank","Chỉ số giá","Rổ hàng chuẩn theo tuần","admin","unique","s4"
"console.economy_bank.wealth_distribution","console","economy_bank","Phân bố tài sản","Gini, top 1%","admin","unique","s4"
"console.economy_bank.economy_forecast","console","economy_bank","Dự báo kinh tế","Mô phỏng 90 ngày","admin","unique","s4"
"console.economy_bank.economy_interventions","console","economy_bank","Can thiệp","Lịch sử can thiệp và hiệu quả","admin","unique","s4"
"console.workshop_ops.mod_queue","console","workshop_ops","Hàng đợi duyệt mod","Mod chờ duyệt","admin","unique","s3"
"console.workshop_ops.mod_review","console","workshop_ops","Duyệt mod","Kết quả quét, chơi thử","admin","unique","s3"
"console.workshop_ops.mod_takedowns","console","workshop_ops","Gỡ mod","Yêu cầu gỡ bản quyền","admin","unique","s3"
"console.workshop_ops.creator_verification","console","workshop_ops","Xác minh creator","KYC cho creator có thu nhập","admin","unique","s3"
"console.workshop_ops.creator_payout_approvals","console","workshop_ops","Duyệt chi trả","Duyệt thanh toán","admin","unique","s3"
"console.workshop_ops.workshop_featured","console","workshop_ops","Nổi bật workshop","Chọn mod nổi bật","admin","unique","s3"
"console.workshop_ops.jam_management","console","workshop_ops","Quản lý game jam","Tổ chức, chấm điểm","admin","unique","s3"
"console.workshop_ops.workshop_analytics","console","workshop_ops","Phân tích workshop","Tải, gỡ, doanh thu","admin","unique","s3"
"console.stream_ops.stream_integrations","console","stream_ops","Tích hợp stream","Trạng thái API Twitch/YouTube","admin","unique","s2"
"console.stream_ops.drops_campaigns_ops","console","stream_ops","Vận hành drops","Chiến dịch drops toàn cục","admin","unique","s2"
"console.stream_ops.stream_abuse","console","stream_ops","Lạm dụng stream","Phiếu bot, gian lận drops","admin","unique","s2"
"console.stream_ops.streamer_directory","console","stream_ops","Danh bạ streamer","Streamer đã liên kết","admin","unique","s2"
"console.stream_ops.esports_ops","console","stream_ops","Vận hành esports","Lịch giải, trọng tài","admin","unique","s2"
"console.stream_ops.esports_integrity","console","stream_ops","Liêm chính esports","Nghi dàn xếp","admin","unique","s2"
"console.festival_ops.festival_scheduler","console","festival_ops","Lịch lễ hội","Âm lịch ↔ dương lịch theo khu vực","admin","unique","s1"
"console.festival_ops.festival_regional","console","festival_ops","Lễ hội theo khu vực","Lễ hội riêng từng thị trường","admin","unique","s1"
"console.festival_ops.festival_kpi","console","festival_ops","KPI lễ hội","Tham gia, doanh thu","admin","unique","s1"
"console.festival_ops.lantern_moderation","console","festival_ops","Kiểm duyệt lời chúc","Lời chúc trên đèn lồng","admin","unique","s1"
"console.festival_ops.season_rotation","console","festival_ops","Luân chuyển mùa","Lịch xuân/hạ/thu/đông","admin","unique","s1"
"studio.creative_editors.evolution_tree_editor","studio","creative_editors","Sửa cây tiến hóa","Nhánh lớp, điều kiện","creator","unique","s1"
"studio.creative_editors.talent_tree_editor","studio","creative_editors","Sửa cây thiên phú","Nút, liên kết, chi phí","creator","unique","s1"
"studio.creative_editors.festival_designer","studio","creative_editors","Thiết kế lễ hội","Hoạt động, trang trí, lịch","creator","unique","s1"
"studio.creative_editors.minigame_tuner","studio","creative_editors","Chỉnh minigame","Nhịp, độ khó minigame","creator","unique","s1"
"studio.creative_editors.puzzle_designer","studio","creative_editors","Thiết kế câu đố","Dựng bàn cờ, luật","creator","unique","s1"
"studio.creative_editors.puzzle_solver","studio","creative_editors","Bộ giải câu đố","Xác minh câu đố có lời giải, đếm số lời giải","creator","unique","s1"
"studio.creative_editors.weather_editor","studio","creative_editors","Sửa thời tiết","Mẫu thời tiết, hiệu ứng trận","creator","unique","s1"
"studio.creative_editors.season_editor","studio","creative_editors","Sửa mùa","Hiệu ứng mùa theo lớp","creator","unique","s1"
"studio.creative_editors.dye_palette_editor","studio","creative_editors","Sửa bảng nhuộm","Palette swap cho sprite","creator","unique","s1"
"studio.creative_editors.research_editor","studio","creative_editors","Sửa nghiên cứu quái","Mốc, gợi ý","creator","unique","s1"
"studio.creative_editors.museum_prop_editor","studio","creative_editors","Sửa đạo cụ diorama","Vật phẩm trưng bày","creator","unique","s1"
"studio.creative_editors.treasure_route_editor","studio","creative_editors","Sửa tuyến kho báu","Manh mối, vị trí","creator","unique","s1"
"studio.narrative_ai.bard_template_editor","studio","narrative_ai","Sửa mẫu Bard","Khung prompt theo loại sự kiện","creator","unique","s2"
"studio.narrative_ai.bard_guardrails","studio","narrative_ai","Rào chắn Bard","Từ cấm, lore bắt buộc, độ dài","creator","unique","s2"
"studio.narrative_ai.bard_playground","studio","narrative_ai","Thử Bard","Chạy thử trên biên niên mẫu","creator","unique","s2"
"studio.narrative_ai.bard_eval_set","studio","narrative_ai","Bộ đánh giá Bard","Tập kiểm tra chất lượng","creator","unique","s2"
"studio.narrative_ai.story_vote_designer","studio","narrative_ai","Thiết kế bỏ phiếu","Phương án + hệ quả nội dung","creator","unique","s2"
"studio.narrative_ai.world_goal_designer","studio","narrative_ai","Thiết kế mục tiêu thế giới","Ngưỡng, thưởng, cutscene","creator","unique","s2"
"studio.narrative_ai.highlight_rules_editor","studio","narrative_ai","Luật highlight","Điều kiện một khoảnh khắc là highlight","creator","unique","s2"
"studio.narrative_ai.echo_vocabulary","studio","narrative_ai","Từ vựng dấu ấn","Từ/cụm được phép khắc","creator","unique","s2"
"studio.procedural.rift_generator","studio","procedural","Bộ sinh Vết Nứt","Luật ghép phòng từ tileset","creator","unique","s3"
"studio.procedural.rift_seed_explorer","studio","procedural","Duyệt seed","Xem trước tầng theo seed","creator","unique","s3"
"studio.procedural.rift_seed_audit","studio","procedural","Kiểm tra seed","Loại seed không thể thắng/quá dễ","creator","unique","s3"
"studio.procedural.rift_room_templates","studio","procedural","Mẫu phòng","Phòng thủ công dùng trong sinh thủ tục","creator","unique","s3"
"studio.procedural.dream_map_transform","studio","procedural","Biến đổi map giấc mơ","Luật đảo màu/đảo chiều map","creator","unique","s3"
"studio.procedural.card_designer","studio","procedural","Thiết kế thẻ","Thẻ + từ khóa + giá năng lượng","creator","unique","s3"
"studio.procedural.card_balance_lab","studio","procedural","Cân bằng thẻ","Mô phỏng bộ bài","creator","unique","s3"
"studio.procedural.boss_phase_composer","studio","procedural","Ghép pha boss","Pha ngẫu nhiên có ràng buộc","creator","unique","s3"
"studio.procedural.modifier_designer","studio","procedural","Thiết kế luật biến đổi","Luật tuần/Vết Nứt","creator","unique","s3"
"studio.procedural.speedrun_category_editor","studio","procedural","Sửa hạng mục speedrun","Luật, điều kiện hợp lệ","creator","unique","s3"
"studio.act_two_tools.dual_world_linker","studio","act_two_tools","Liên kết hai thế giới","Ghép map Bình Minh ↔ Hoàng Hôn","creator","unique","s4"
"studio.act_two_tools.dual_world_diff_editor","studio","act_two_tools","Sửa khác biệt thế giới","Đối tượng chỉ ở một phía","creator","unique","s4"
"studio.act_two_tools.caravan_route_editor","studio","act_two_tools","Sửa tuyến buôn","Tuyến, rủi ro, hàng","creator","unique","s4"
"studio.act_two_tools.trade_goods_economy","studio","act_two_tools","Kinh tế hàng buôn","Giá cơ sở, co giãn cung cầu","creator","unique","s4"
"studio.act_two_tools.profession_editor","studio","act_two_tools","Sửa nghề","Cây nghề, công thức","creator","unique","s4"
"studio.act_two_tools.npc_schedule_editor","studio","act_two_tools","Sửa lịch NPC","Lộ trình theo giờ","creator","unique","s4"
"studio.act_two_tools.raid_designer","studio","act_two_tools","Thiết kế raid","Boss, pha, luật chia đội","creator","unique","s4"
"studio.act_two_tools.artifact_designer","studio","act_two_tools","Thiết kế cổ vật","Mảnh, quyền năng","creator","unique","s4"
"studio.act_two_tools.ending_flow_editor","studio","act_two_tools","Sửa luồng kết thúc","Biến karma → 6 kết thúc","creator","unique","s4"
"studio.act_two_tools.mount_editor","studio","act_two_tools","Sửa thú cưỡi","Tốc độ, địa hình","creator","unique","s4"
"devtools.platform_integrity.determinism_matrix","devtools","platform_integrity","Ma trận tất định","Golden replay trên JVM/ART/RoboVM/TeaVM","dev","unique","s3"
"devtools.platform_integrity.determinism_diff","devtools","platform_integrity","Diff tất định","Lượt đầu tiên lệch giữa nền tảng","dev","unique","s3"
"devtools.platform_integrity.mod_security_scanner","devtools","platform_integrity","Quét an ninh mod","Content pack không chứa mã, giới hạn kích thước","dev","unique","s3"
"devtools.platform_integrity.mod_compat_matrix","devtools","platform_integrity","Tương thích mod","Mod × phiên bản client","dev","unique","s3"
"devtools.platform_integrity.procgen_performance","devtools","platform_integrity","Hiệu năng sinh thủ tục","Thời gian sinh tầng theo thiết bị","dev","unique","s3"
"devtools.platform_integrity.ai_bard_latency","devtools","platform_integrity","Độ trễ Bard","Thời gian phản hồi, tỉ lệ fallback","dev","unique","s3"
"devtools.platform_integrity.ai_bard_cost","devtools","platform_integrity","Chi phí AI","Theo môi trường/tính năng","dev","unique","s3"
"devtools.platform_integrity.stream_api_quota","devtools","platform_integrity","Quota API stream","Giới hạn gọi Twitch/YouTube","dev","unique","s3"
"devtools.platform_integrity.companion_sync_monitor","devtools","platform_integrity","Đồng bộ companion","Độ trễ đồng bộ PWA ↔ game","dev","unique","s3"
"devtools.platform_integrity.cross_save_conflicts","devtools","platform_integrity","Xung đột cross-save","Tỉ lệ xung đột theo thiết bị","dev","unique","s3"
"devtools.platform_integrity.shader_compat","devtools","platform_integrity","Tương thích shader","Shader nhuộm màu theo GPU","dev","unique","s3"
"devtools.platform_integrity.feature_kill_switches","devtools","platform_integrity","Công tắc tắt tính năng","Tắt nhanh tính năng lỗi","dev","unique","s3"
"qa.expansion_qa.puzzle_verification","qa","expansion_qa","Xác minh câu đố","Solver xác nhận lời giải tối ưu","qa","unique","s3"
"qa.expansion_qa.rift_seed_qa","qa","expansion_qa","QA seed Vết Nứt","Kiểm tra seed trước khi phát","qa","unique","s3"
"qa.expansion_qa.mod_qa","qa","expansion_qa","QA mod nổi bật","Test mod trước khi đưa lên nổi bật","qa","unique","s3"
"qa.expansion_qa.festival_qa","qa","expansion_qa","QA lễ hội","Checklist trước lễ hội","qa","unique","s3"
"qa.expansion_qa.minigame_qa","qa","expansion_qa","QA minigame","Cảm giác nhịp, độ trễ input","qa","unique","s3"
"qa.expansion_qa.card_mode_qa","qa","expansion_qa","QA chế độ thẻ","Tương tác từ khóa","qa","unique","s3"
"qa.expansion_qa.dual_world_qa","qa","expansion_qa","QA hai thế giới","Kẹt vật cản khi chuyển","qa","unique","s3"
"qa.expansion_qa.bard_red_team","qa","expansion_qa","Red team Bard","Thử phá rào chắn AI","qa","unique","s3"
"qa.expansion_qa.companion_qa","qa","expansion_qa","QA companion","Đồng bộ, thông báo","qa","unique","s3"
"qa.expansion_qa.stream_qa","qa","expansion_qa","QA stream","Overlay, phiếu khán giả","qa","unique","s3"
"qa.expansion_qa.accessibility_per_screen","qa","expansion_qa","Trợ năng theo màn","Checklist trợ năng từng ScreenId","qa","unique","s3"
"qa.expansion_qa.agent_expansion_coverage","qa","expansion_qa","Phủ màn mở rộng","Độ phủ agent theo mùa","qa","unique","s3"
"pilot.season_preview.season_preview","pilot","season_preview","Xem trước mùa","Nội dung mùa sắp tới","pilot","unique","s1"
"pilot.season_preview.feature_vote","pilot","season_preview","Bình chọn tính năng","Ưu tiên tính năng","pilot","unique","s1"
"pilot.season_preview.prototype_lab","pilot","season_preview","Phòng thí nghiệm","Thử prototype chưa chắc ra mắt","pilot","unique","s1"
"pilot.season_preview.prototype_feedback","pilot","season_preview","Góp ý prototype","Giữ/bỏ/sửa","pilot","unique","s1"
"pilot.season_preview.balance_sandbox_pilot","pilot","season_preview","Sandbox cân bằng","Thử chỉ số mới trước khi phát","pilot","unique","s1"
"pilot.season_preview.minigame_feel_test","pilot","season_preview","Thử cảm giác minigame","Đánh giá nhịp","pilot","unique","s1"
"pilot.season_preview.puzzle_beta","pilot","season_preview","Câu đố beta","Giải câu đố chưa phát hành","pilot","unique","s1"
"pilot.season_preview.card_beta","pilot","season_preview","Thẻ beta","Thử thẻ mới","pilot","unique","s1"
"pilot.season_preview.dual_world_beta","pilot","season_preview","Hai thế giới beta","Thử cơ chế chuyển thế giới","pilot","unique","s1"
"pilot.season_preview.bard_beta","pilot","season_preview","Bard beta","Đánh giá truyện AI","pilot","unique","s1"
"pilot.season_preview.pilot_season_report","pilot","season_preview","Báo cáo mùa pilot","Đóng góp của tôi trong mùa","pilot","unique","s1"
"pilot.season_preview.pilot_mentor","pilot","season_preview","Pilot kỳ cựu","Hướng dẫn pilot mới","pilot","unique","s1"
"site.community_web.lore_encyclopedia","site","community_web","Bách khoa truyền thuyết","Wiki chính thức sinh từ content","gamer user","unique","s2"
"site.community_web.interactive_world_map","site","community_web","Bản đồ thế giới tương tác","12 vùng, 2 thế giới","gamer user","unique","s2"
"site.community_web.hero_builder_web","site","community_web","Lên build trên web","Thiên phú + trang bị + chia sẻ link","gamer user","unique","s2"
"site.community_web.replay_viewer_web","site","community_web","Xem replay trên web","Phát replay bằng bản web TeaVM","gamer user","unique","s2"
"site.community_web.highlight_gallery_web","site","community_web","Thư viện highlight","Clip cộng đồng","gamer user","unique","s2"
"site.community_web.puzzle_web","site","community_web","Câu đố ngày trên web","Giải câu đố ngay trên trình duyệt","gamer user","unique","s2"
"site.community_web.festival_pages","site","community_web","Trang lễ hội","Giới thiệu lễ hội đang diễn ra","gamer user","unique","s2"
"site.community_web.world_state_live","site","community_web","Trạng thái thế giới trực tiếp","Tiến độ mục tiêu thế giới","gamer user","unique","s2"
"site.community_web.story_vote_web","site","community_web","Bỏ phiếu trên web","Bỏ phiếu cốt truyện","gamer user","unique","s2"
"site.community_web.chronicle_share_page","site","community_web","Trang biên niên chia sẻ","Biên niên công khai của người chơi","gamer user","unique","s2"
"site.community_web.speedrun_web","site","community_web","Speedrun trên web","Bảng + video","gamer user","unique","s2"
"site.community_web.esports_hub","site","community_web","Trung tâm esports","Lịch, kết quả, VOD","gamer user","unique","s2"
"site.community_web.card_deck_share","site","community_web","Chia sẻ bộ bài","Link bộ bài","gamer user","unique","s2"
"site.community_web.mod_showcase","site","community_web","Giới thiệu mod","Mod nổi bật","gamer user","unique","s2"
"site.community_web.diorama_showcase","site","community_web","Triển lãm diorama","Diorama cộng đồng","gamer user","unique","s2"
"game.debug_expansion.debug_festival_clock","game","debug_expansion","Đồng hồ lễ hội","Giả lập ngày âm lịch bất kỳ","dev qa","unique","s1"
"game.debug_expansion.debug_season_override","game","debug_expansion","Ghi đè mùa","Đặt mùa/thời tiết cục bộ","dev qa","unique","s1"
"game.debug_expansion.debug_evolution_unlock","game","debug_expansion","Mở khóa lớp nâng cao","Thử nhanh nhánh tiến hóa","dev qa","unique","s1"
"game.debug_expansion.debug_talent_sandbox","game","debug_expansion","Sandbox thiên phú","Cộng điểm tùy ý","dev qa","unique","s1"
"game.debug_expansion.debug_puzzle_loader","game","debug_expansion","Nạp câu đố","Mở câu đố theo ID","dev qa","unique","s1"
"game.debug_expansion.debug_rift_seed","game","debug_expansion","Seed Vết Nứt","Nhập seed, nhảy tầng","dev qa","unique","s1"
"game.debug_expansion.debug_card_spawner","game","debug_expansion","Tạo thẻ","Thêm thẻ vào tay","dev qa","unique","s1"
"game.debug_expansion.debug_dream_jump","game","debug_expansion","Nhảy giấc mơ","Mở giấc mơ bất kỳ","dev qa","unique","s1"
"game.debug_expansion.debug_dual_world","game","debug_expansion","Hai thế giới","Hiện đồng thời lớp va chạm hai phía","dev qa","unique","s1"
"game.debug_expansion.debug_caravan_time","game","debug_expansion","Thời gian đoàn buôn","Tua nhanh hành trình","dev qa","unique","s1"
"game.debug_expansion.debug_market_prices","game","debug_expansion","Giá chợ","Đặt giá cục bộ","dev qa","unique","s1"
"game.debug_expansion.debug_npc_schedule","game","debug_expansion","Lịch NPC","Tua giờ trong game","dev qa","unique","s1"
"game.debug_expansion.debug_raid_sim","game","debug_expansion","Mô phỏng raid","Chạy raid với đội mẫu","dev qa","unique","s1"
"game.debug_expansion.debug_bard_mock","game","debug_expansion","Bard giả lập","Dùng phản hồi mẫu, không gọi AI","dev qa","unique","s1"
"game.debug_expansion.debug_stream_mock","game","debug_expansion","Stream giả lập","Giả phiếu khán giả","dev qa","unique","s1"
"game.debug_expansion.debug_world_goal","game","debug_expansion","Mục tiêu thế giới","Đặt tiến độ cục bộ","dev qa","unique","s1"
"game.debug_expansion.debug_rewind_trace","game","debug_expansion","Truy vết tua ngược","So sánh trạng thái trước/sau rewind","dev qa","unique","s1"
"game.debug_expansion.debug_companion_sync","game","debug_expansion","Đồng bộ companion","Ép đồng bộ, xem gói","dev qa","unique","s1"
"game.debug_expansion.debug_mod_loader","game","debug_expansion","Nạp mod","Nạp content pack cục bộ","dev qa","unique","s1"
"game.debug_expansion.debug_accessibility_overlay","game","debug_expansion","Overlay trợ năng","Vùng chạm, tương phản, thứ tự đọc","dev qa","unique","s1"
"qa.automation_lab.agent_personas","qa","automation_lab","Persona agent","Người chơi mới, hardcore, chi tiêu, trợ năng","qa dev","unique","s2"
"qa.automation_lab.agent_persona_editor","qa","automation_lab","Sửa persona","Mục tiêu, phong cách, ngân sách","qa dev","unique","s2"
"qa.automation_lab.scenario_recorder","qa","automation_lab","Ghi kịch bản","Ghi thao tác tay thành kịch bản YAML","qa dev","unique","s2"
"qa.automation_lab.scenario_diff","qa","automation_lab","So sánh kịch bản","Thay đổi giữa các phiên bản","qa dev","unique","s2"
"qa.automation_lab.agent_live_view","qa","automation_lab","Xem agent trực tiếp","Màn hình + suy luận của agent","qa dev","unique","s2"
"qa.automation_lab.agent_intervention","qa","automation_lab","Can thiệp agent","Tạm dừng, gợi ý, tiếp tục","qa dev","unique","s2"
"qa.automation_lab.agent_bug_candidates","qa","automation_lab","Lỗi ứng viên","Lỗi agent tìm, chờ QA xác nhận","qa dev","unique","s2"
"qa.automation_lab.agent_false_positives","qa","automation_lab","Báo động giả","Huấn luyện lại oracle","qa dev","unique","s2"
"qa.automation_lab.oracle_catalog","qa","automation_lab","Danh mục oracle","Invariant đang kiểm tra","qa dev","unique","s2"
"qa.automation_lab.oracle_editor","qa","automation_lab","Sửa oracle","Thêm invariant mới","qa dev","unique","s2"
"qa.automation_lab.fixture_builder","qa","automation_lab","Tạo fixture","Trạng thái game cho từng ScreenId","qa dev","unique","s2"
"qa.automation_lab.screen_fixture_matrix","qa","automation_lab","Ma trận fixture","ScreenId × fixture","qa dev","unique","s2"
"qa.automation_lab.fuzz_campaigns","qa","automation_lab","Chiến dịch fuzz","Input ngẫu nhiên có seed","qa dev","unique","s2"
"qa.automation_lab.monkey_runs","qa","automation_lab","Monkey test","Chạm ngẫu nhiên lâu dài","qa dev","unique","s2"
"qa.automation_lab.soak_tests","qa","automation_lab","Soak test","Chạy 24 giờ, rò rỉ bộ nhớ","qa dev","unique","s2"
"qa.live_quality.live_bug_radar","qa","live_quality","Radar lỗi trực tiếp","Lỗi mới sau release theo phút","qa","unique","s3"
"qa.live_quality.player_reported_bugs","qa","live_quality","Lỗi người chơi báo","Gom từ ticket, bug_report, pilot","qa","unique","s3"
"qa.live_quality.repro_queue","qa","live_quality","Hàng đợi tái hiện","Lỗi cần tái hiện","qa","unique","s3"
"qa.live_quality.hotfix_verification","qa","live_quality","Xác minh hotfix","Checklist hotfix","qa","unique","s3"
"qa.live_quality.rollout_health","qa","live_quality","Sức khỏe rollout","Chỉ số theo % rollout","qa","unique","s3"
"qa.live_quality.store_review_monitor","qa","live_quality","Theo dõi đánh giá store","Đánh giá 1–2 sao theo chủ đề","qa","unique","s3"
"qa.live_quality.qa_calendar","qa","live_quality","Lịch QA","Lịch test theo mùa","qa","unique","s3"
"qa.live_quality.qa_capacity","qa","live_quality","Năng lực QA","Phân công theo mùa","qa","unique","s3"
"qa.live_quality.test_debt","qa","live_quality","Nợ test","Màn chưa có test case","qa","unique","s3"
"qa.live_quality.regression_heatmap","qa","live_quality","Heatmap hồi quy","Module hay hỏng","qa","unique","s3"
"qa.live_quality.cert_checklist_ios","qa","live_quality","Checklist duyệt App Store","Yêu cầu Apple","qa","unique","s3"
"qa.live_quality.cert_checklist_android","qa","live_quality","Checklist Google Play","Yêu cầu Google","qa","unique","s3"
"qa.live_quality.cert_checklist_steam","qa","live_quality","Checklist Steam","Yêu cầu Steam Deck","qa","unique","s3"
"qa.live_quality.age_rating_qa","qa","live_quality","QA xếp hạng tuổi","Nội dung nhạy cảm theo vùng","qa","unique","s3"
"qa.live_quality.payment_qa","qa","live_quality","QA thanh toán","Sandbox giao dịch","qa","unique","s3"
"devtools.data_platform.event_schema_registry","devtools","data_platform","Registry sự kiện telemetry","Schema TelemetryEvent có version","dev","unique","s2"
"devtools.data_platform.event_schema_diff","devtools","data_platform","Diff schema sự kiện","Thay đổi phá vỡ","dev","unique","s2"
"devtools.data_platform.event_debugger","devtools","data_platform","Debug sự kiện","Sự kiện từ một thiết bị theo thời gian thực","dev","unique","s2"
"devtools.data_platform.pipeline_lag","devtools","data_platform","Độ trễ pipeline","Ingest → ClickHouse","dev","unique","s2"
"devtools.data_platform.data_quality","devtools","data_platform","Chất lượng dữ liệu","Sự kiện thiếu trường, trùng","dev","unique","s2"
"devtools.data_platform.warehouse_tables","devtools","data_platform","Bảng dữ liệu","Bảng ClickHouse, dung lượng","dev","unique","s2"
"devtools.data_platform.query_notebooks","devtools","data_platform","Notebook truy vấn","SQL chỉ đọc có lưu","dev","unique","s2"
"devtools.data_platform.data_retention_jobs","devtools","data_platform","Job lưu trữ","Xóa theo chính sách","dev","unique","s2"
"devtools.data_platform.privacy_scrubber","devtools","data_platform","Làm sạch dữ liệu cá nhân","Kiểm tra PII","dev","unique","s2"
"devtools.data_platform.experiment_assignment_debug","devtools","data_platform","Debug gán A/B","Người chơi thuộc nhánh nào","dev","unique","s2"
"devtools.data_platform.feature_store","devtools","data_platform","Feature store","Đặc trưng cho mô hình churn","dev","unique","s2"
"devtools.data_platform.ml_models","devtools","data_platform","Mô hình ML","Churn, gian lận: phiên bản, độ chính xác","dev","unique","s2"
"devtools.sdk_platform.mod_sdk_releases","devtools","sdk_platform","Phát hành SDK mod","Phiên bản SDK, changelog","dev creator","unique","s3"
"devtools.sdk_platform.schema_docs_generator","devtools","sdk_platform","Sinh tài liệu schema","Từ JSON Schema sang tài liệu","dev creator","unique","s3"
"devtools.sdk_platform.content_api_keys","devtools","sdk_platform","Key API nội dung","Cho công cụ bên thứ ba","dev creator","unique","s3"
"devtools.sdk_platform.public_api_usage","devtools","sdk_platform","Sử dụng API công khai","Theo ứng dụng","dev creator","unique","s3"
"devtools.sdk_platform.public_api_apps","devtools","sdk_platform","Ứng dụng bên thứ ba","Đăng ký, duyệt","dev creator","unique","s3"
"devtools.sdk_platform.oauth_clients","devtools","sdk_platform","OAuth client","Client đăng nhập bằng tài khoản game","dev creator","unique","s3"
"devtools.sdk_platform.sandbox_servers","devtools","sdk_platform","Server sandbox","Server cho người làm tool","dev creator","unique","s3"
"devtools.sdk_platform.sdk_samples","devtools","sdk_platform","Ví dụ SDK","Dự án mẫu","dev creator","unique","s3"
"devtools.sdk_platform.sdk_issue_tracker","devtools","sdk_platform","Lỗi SDK","Lỗi cộng đồng báo","dev creator","unique","s3"
"devtools.sdk_platform.api_changelog","devtools","sdk_platform","Changelog API","Thay đổi API công khai","dev creator","unique","s3"
"devtools.runtime_ops.build_flavor_matrix","devtools","runtime_ops","Ma trận flavor","dev/qa/pilot/release × nền tảng","dev","unique","s4"
"devtools.runtime_ops.remote_asset_bundles","devtools","runtime_ops","Gói asset từ xa","Tải asset theo mùa","dev","unique","s4"
"devtools.runtime_ops.asset_bundle_diff","devtools","runtime_ops","Diff gói asset","Thay đổi giữa mùa","dev","unique","s4"
"devtools.runtime_ops.memory_budgets","devtools","runtime_ops","Ngân sách bộ nhớ","Theo màn và thiết bị","dev","unique","s4"
"devtools.runtime_ops.texture_budget","devtools","runtime_ops","Ngân sách texture","VRAM theo màn","dev","unique","s4"
"devtools.runtime_ops.startup_profiler","devtools","runtime_ops","Profiler khởi động","Thời gian từng bước boot","dev","unique","s4"
"devtools.runtime_ops.frame_profiler","devtools","runtime_ops","Profiler khung hình","Khung hình chậm theo màn","dev","unique","s4"
"devtools.runtime_ops.network_budget","devtools","runtime_ops","Ngân sách mạng","Dung lượng theo phiên","dev","unique","s4"
"devtools.runtime_ops.battery_profiler","devtools","runtime_ops","Profiler pin","Tiêu thụ pin theo màn","dev","unique","s4"
"devtools.runtime_ops.thermal_reports","devtools","runtime_ops","Báo cáo nhiệt","Throttle theo thiết bị","dev","unique","s4"
"devtools.runtime_ops.server_capacity","devtools","runtime_ops","Dung lượng server","Dự báo theo sự kiện","dev","unique","s4"
"devtools.runtime_ops.db_slow_queries","devtools","runtime_ops","Truy vấn chậm","Top truy vấn chậm","dev","unique","s4"
"devtools.runtime_ops.cache_hit_rates","devtools","runtime_ops","Tỉ lệ cache","Redis/CDN","dev","unique","s4"
"devtools.runtime_ops.queue_backlogs","devtools","runtime_ops","Tồn đọng hàng đợi","Job nền","dev","unique","s4"
"devtools.runtime_ops.cost_explorer","devtools","runtime_ops","Chi phí hạ tầng","Theo dịch vụ","dev","unique","s4"
"devtools.runtime_ops.release_notes_builder","devtools","runtime_ops","Sinh release note","Từ commit + catalog","dev","unique","s4"
"devtools.runtime_ops.screen_ownership","devtools","runtime_ops","Chủ sở hữu màn","ScreenId ↔ đội","dev","unique","s4"
"devtools.runtime_ops.dead_screen_detector","devtools","runtime_ops","Phát hiện màn chết","Màn không ai mở trong 30 ngày","dev","unique","s4"
"site.account_plus.family_group","site","account_plus","Nhóm gia đình","Tài khoản gia đình","user","unique","s1"
"site.account_plus.family_member","site","account_plus","Thành viên gia đình","Quyền, giới hạn","user","unique","s1"
"site.account_plus.family_spending","site","account_plus","Chi tiêu gia đình","Duyệt mua của trẻ","user","unique","s1"
"site.account_plus.subscription_manage","site","account_plus","Quản lý thuê bao","Thẻ tháng, Battle Pass tự gia hạn","user","unique","s1"
"site.account_plus.subscription_cancel","site","account_plus","Hủy thuê bao","Hủy và giữ quyền lợi đến hết kỳ","user","unique","s1"
"site.account_plus.payment_methods","site","account_plus","Phương thức thanh toán","Thẻ, ví điện tử","user","unique","s1"
"site.account_plus.invoices","site","account_plus","Hóa đơn","Tải hóa đơn","user","unique","s1"
"site.account_plus.gift_purchase","site","account_plus","Mua quà tặng","Mua gói tặng bạn","user","unique","s1"
"site.account_plus.gift_inbox","site","account_plus","Quà được tặng","Nhận quà","user","unique","s1"
"site.account_plus.wishlist","site","account_plus","Danh sách mong muốn","Gói muốn mua","user","unique","s1"
"site.account_plus.login_history","site","account_plus","Lịch sử đăng nhập","Đăng nhập theo thiết bị/vị trí","user","unique","s1"
"site.account_plus.security_alerts","site","account_plus","Cảnh báo bảo mật","Đăng nhập lạ","user","unique","s1"
"site.account_plus.recovery_codes","site","account_plus","Mã khôi phục","Mã dự phòng 2FA","user","unique","s1"
"site.account_plus.data_requests","site","account_plus","Yêu cầu dữ liệu","Trạng thái xuất/xóa dữ liệu","user","unique","s1"
"site.account_plus.consent_center","site","account_plus","Trung tâm đồng ý","Quản lý đồng ý marketing/analytics","user","unique","s1"
"site.account_plus.communication_prefs","site","account_plus","Tùy chọn liên lạc","Email, push","user","unique","s1"
"site.account_plus.account_transfer","site","account_plus","Chuyển vùng tài khoản","Chuyển server/khu vực","user","unique","s1"
"site.account_plus.linked_streams","site","account_plus","Kênh stream liên kết","Quản lý liên kết Twitch/YouTube","user","unique","s1"
"site.account_plus.creator_account_link","site","account_plus","Liên kết tài khoản creator","Workshop, đối tác","user","unique","s1"
"site.account_plus.account_badges","site","account_plus","Huy hiệu tài khoản","Pilot, dịch giả, creator","user","unique","s1"
"site.account_plus.support_history","site","account_plus","Lịch sử hỗ trợ","Mọi ticket","user","unique","s1"
"site.account_plus.refund_request","site","account_plus","Yêu cầu hoàn tiền","Gửi yêu cầu","user","unique","s1"
"site.account_plus.purchase_limits","site","account_plus","Hạn mức mua","Tự đặt hạn mức","user","unique","s1"
"site.account_plus.self_exclusion","site","account_plus","Tạm ngưng chơi","Tự khóa tài khoản trong thời gian chọn","user","unique","s1"
"game.gifting.gift_shop","game","gifting","Cửa hàng quà","Gói có thể tặng","gamer user","unique","s1"
"game.gifting.gift_select_friend","game","gifting","Chọn người nhận","Bạn bè đủ điều kiện","gamer user","unique","s1"
"game.gifting.gift_message","game","gifting","Lời nhắn quà","Thiệp kèm quà","gamer user","unique","s1"
"game.gifting.gift_confirm","game","gifting","Xác nhận tặng","Giá, người nhận","gamer user","unique","s1"
"game.gifting.gift_received","game","gifting","Quà nhận được","Mở quà","gamer user","unique","s1"
"game.gifting.gift_history","game","gifting","Lịch sử tặng quà","Đã tặng/đã nhận","gamer user","unique","s1"
"game.gifting.gift_thank_you","game","gifting","Cảm ơn","Gửi lời cảm ơn","gamer user","unique","s1"
"game.gifting.gift_limits","game","gifting","Giới hạn tặng","Hạn mức chống lạm dụng","gamer user","unique","s1"
"console.trust_ops.gifting_abuse","console","trust_ops","Lạm dụng tặng quà","Rửa tiền qua quà tặng","admin","unique","s3"
"console.trust_ops.account_takeover","console","trust_ops","Chiếm đoạt tài khoản","Phát hiện, khôi phục","admin","unique","s3"
"console.trust_ops.family_disputes","console","trust_ops","Tranh chấp gia đình","Hoàn tiền giao dịch trẻ em","admin","unique","s3"
"console.trust_ops.self_exclusion_admin","console","trust_ops","Quản lý tự ngưng","Tôn trọng yêu cầu tự khóa","admin","unique","s3"
"console.trust_ops.minor_protection","console","trust_ops","Bảo vệ trẻ vị thành niên","Giới hạn theo luật","admin","unique","s3"
"console.trust_ops.subscription_admin","console","trust_ops","Quản lý thuê bao","Gia hạn, hoàn tiền","admin","unique","s3"
"console.trust_ops.localization_ops","console","trust_ops","Vận hành bản dịch","Dự án dịch cộng đồng","admin","unique","s3"
"console.trust_ops.translator_moderation","console","trust_ops","Kiểm duyệt dịch giả","Dịch phá hoại","admin","unique","s3"
"console.trust_ops.partner_ops","console","trust_ops","Vận hành đối tác","Duyệt hồ sơ, hợp đồng","admin","unique","s3"
"console.trust_ops.partner_fraud","console","trust_ops","Gian lận đối tác","Mã giới thiệu ảo","admin","unique","s3"
"console.trust_ops.esports_payouts","console","trust_ops","Chi trả esports","Tiền thưởng giải","admin","unique","s3"
"console.trust_ops.speedrun_verification","console","trust_ops","Xác minh speedrun","Replay + video","admin","unique","s3"
"console.trust_ops.ironman_integrity","console","trust_ops","Liêm chính Thiết Nhân","Phát hiện lách luật","admin","unique","s3"
"console.trust_ops.raid_ops","console","trust_ops","Vận hành raid","Theo dõi, bồi thường","admin","unique","s3"
"console.trust_ops.mentor_abuse","console","trust_ops","Lạm dụng sư phụ","Farm thưởng xuất sư","admin","unique","s3"
"console.trust_ops.caravan_ops","console","trust_ops","Vận hành đoàn buôn","Tuyến lỗi, bồi thường","admin","unique","s3"
"console.trust_ops.companion_ops","console","trust_ops","Vận hành companion","Push, lỗi đồng bộ","admin","unique","s3"
"console.trust_ops.act_two_rollout","console","trust_ops","Triển khai Hồi II","Mở khu vực theo đợt","admin","unique","s3"
"console.trust_ops.season_launch_room","console","trust_ops","Phòng chỉ huy ra mùa","Checklist + chỉ số ra mùa","admin","unique","s3"
"console.trust_ops.season_retrospective","console","trust_ops","Tổng kết mùa","KPI mùa so với mục tiêu","admin","unique","s3"
"console.trust_ops.cross_play_ops","console","trust_ops","Vận hành chơi chéo","Ghép trận theo nền tảng","admin","unique","s3"
"console.trust_ops.accessibility_feedback","console","trust_ops","Phản hồi trợ năng","Yêu cầu trợ năng từ người chơi","admin","unique","s3"
"console.trust_ops.puzzle_ops","console","trust_ops","Vận hành câu đố","Câu đố bị báo sai","admin","unique","s3"
"console.trust_ops.card_meta_monitor","console","trust_ops","Theo dõi meta thẻ","Thẻ quá mạnh","admin","unique","s3"
"console.trust_ops.rift_ops","console","trust_ops","Vận hành Vết Nứt","Seed lỗi, bảng xếp hạng gian lận","admin","unique","s3"
"console.trust_ops.world_voice_ops","console","trust_ops","Vận hành tiếng nói thế giới","Tổng quan phiếu + mục tiêu","admin","unique","s3"
"console.trust_ops.reputation_scores","console","trust_ops","Điểm uy tín","Uy tín người chơi cho tính năng xã hội","admin","unique","s3"
"console.trust_ops.content_ratings_ops","console","trust_ops","Xếp hạng nội dung UGC","Gắn nhãn tuổi cho mod/level","admin","unique","s3"
"pilot.research_ops.diary_study","pilot","research_ops","Nhật ký trải nghiệm","Ghi cảm nhận mỗi ngày trong 2 tuần","pilot","unique","s2"
"pilot.research_ops.diary_entry","pilot","research_ops","Viết nhật ký","Ghi chép + ảnh","pilot","unique","s2"
"pilot.research_ops.card_sort","pilot","research_ops","Card sorting","Sắp xếp menu theo cách hiểu","pilot","unique","s2"
"pilot.research_ops.first_click_test","pilot","research_ops","Thử cú chạm đầu","Tìm chức năng trên mockup","pilot","unique","s2"
"pilot.research_ops.five_second_test","pilot","research_ops","Thử 5 giây","Ấn tượng đầu về màn hình","pilot","unique","s2"
"pilot.research_ops.naming_test","pilot","research_ops","Thử đặt tên","Chọn tên cho tính năng","pilot","unique","s2"
"pilot.research_ops.difficulty_rating","pilot","research_ops","Chấm độ khó","Chấm từng trận/câu đố","pilot","unique","s2"
"pilot.research_ops.fun_rating","pilot","research_ops","Chấm độ vui","Chấm từng phiên chơi","pilot","unique","s2"
"pilot.research_ops.bug_bounty","pilot","research_ops","Săn lỗi có thưởng","Thưởng theo mức độ lỗi","pilot","unique","s2"
"pilot.research_ops.bug_bounty_leaderboard","pilot","research_ops","Xếp hạng săn lỗi","Pilot tìm lỗi giỏi nhất","pilot","unique","s2"
"console.liveops_entities.events.list","console","liveops_entities","Sự kiện — Danh sách","Tìm, lọc, sắp xếp","admin","matrix","launch"
"console.liveops_entities.events.detail","console","liveops_entities","Sự kiện — Chi tiết","Xem đầy đủ + trạng thái","admin","matrix","launch"
"console.liveops_entities.events.editor","console","liveops_entities","Sự kiện — Soạn thảo","Tạo/sửa có kiểm tra hợp lệ","admin","matrix","launch"
"console.liveops_entities.events.history","console","liveops_entities","Sự kiện — Lịch sử","Phiên bản, người sửa, diff","admin","matrix","launch"
"console.liveops_entities.events.bulk","console","liveops_entities","Sự kiện — Hàng loạt","Nhập/xuất CSV, sửa nhiều bản ghi","admin","matrix","launch"
"console.liveops_entities.banners.list","console","liveops_entities","Banner chiêu mộ — Danh sách","Tìm, lọc, sắp xếp","admin","matrix","launch"
"console.liveops_entities.banners.detail","console","liveops_entities","Banner chiêu mộ — Chi tiết","Xem đầy đủ + trạng thái","admin","matrix","launch"
"console.liveops_entities.banners.editor","console","liveops_entities","Banner chiêu mộ — Soạn thảo","Tạo/sửa có kiểm tra hợp lệ","admin","matrix","launch"
"console.liveops_entities.banners.history","console","liveops_entities","Banner chiêu mộ — Lịch sử","Phiên bản, người sửa, diff","admin","matrix","launch"
"console.liveops_entities.banners.bulk","console","liveops_entities","Banner chiêu mộ — Hàng loạt","Nhập/xuất CSV, sửa nhiều bản ghi","admin","matrix","launch"
"console.liveops_entities.offers.list","console","liveops_entities","Gói ưu đãi — Danh sách","Tìm, lọc, sắp xếp","admin","matrix","launch"
"console.liveops_entities.offers.detail","console","liveops_entities","Gói ưu đãi — Chi tiết","Xem đầy đủ + trạng thái","admin","matrix","launch"
"console.liveops_entities.offers.editor","console","liveops_entities","Gói ưu đãi — Soạn thảo","Tạo/sửa có kiểm tra hợp lệ","admin","matrix","launch"
"console.liveops_entities.offers.history","console","liveops_entities","Gói ưu đãi — Lịch sử","Phiên bản, người sửa, diff","admin","matrix","launch"
"console.liveops_entities.offers.bulk","console","liveops_entities","Gói ưu đãi — Hàng loạt","Nhập/xuất CSV, sửa nhiều bản ghi","admin","matrix","launch"
"console.liveops_entities.bundles.list","console","liveops_entities","Combo — Danh sách","Tìm, lọc, sắp xếp","admin","matrix","launch"
"console.liveops_entities.bundles.detail","console","liveops_entities","Combo — Chi tiết","Xem đầy đủ + trạng thái","admin","matrix","launch"
"console.liveops_entities.bundles.editor","console","liveops_entities","Combo — Soạn thảo","Tạo/sửa có kiểm tra hợp lệ","admin","matrix","launch"
"console.liveops_entities.bundles.history","console","liveops_entities","Combo — Lịch sử","Phiên bản, người sửa, diff","admin","matrix","launch"
"console.liveops_entities.bundles.bulk","console","liveops_entities","Combo — Hàng loạt","Nhập/xuất CSV, sửa nhiều bản ghi","admin","matrix","launch"
"console.liveops_entities.promo_codes.list","console","liveops_entities","Mã khuyến mãi — Danh sách","Tìm, lọc, sắp xếp","admin","matrix","launch"
"console.liveops_entities.promo_codes.detail","console","liveops_entities","Mã khuyến mãi — Chi tiết","Xem đầy đủ + trạng thái","admin","matrix","launch"
"console.liveops_entities.promo_codes.editor","console","liveops_entities","Mã khuyến mãi — Soạn thảo","Tạo/sửa có kiểm tra hợp lệ","admin","matrix","launch"
"console.liveops_entities.promo_codes.history","console","liveops_entities","Mã khuyến mãi — Lịch sử","Phiên bản, người sửa, diff","admin","matrix","launch"
"console.liveops_entities.promo_codes.bulk","console","liveops_entities","Mã khuyến mãi — Hàng loạt","Nhập/xuất CSV, sửa nhiều bản ghi","admin","matrix","launch"
"console.liveops_entities.mail_templates.list","console","liveops_entities","Mẫu thư — Danh sách","Tìm, lọc, sắp xếp","admin","matrix","launch"
"console.liveops_entities.mail_templates.detail","console","liveops_entities","Mẫu thư — Chi tiết","Xem đầy đủ + trạng thái","admin","matrix","launch"
"console.liveops_entities.mail_templates.editor","console","liveops_entities","Mẫu thư — Soạn thảo","Tạo/sửa có kiểm tra hợp lệ","admin","matrix","launch"
"console.liveops_entities.mail_templates.history","console","liveops_entities","Mẫu thư — Lịch sử","Phiên bản, người sửa, diff","admin","matrix","launch"
"console.liveops_entities.mail_templates.bulk","console","liveops_entities","Mẫu thư — Hàng loạt","Nhập/xuất CSV, sửa nhiều bản ghi","admin","matrix","launch"
"console.liveops_entities.push_campaigns.list","console","liveops_entities","Chiến dịch push — Danh sách","Tìm, lọc, sắp xếp","admin","matrix","launch"
"console.liveops_entities.push_campaigns.detail","console","liveops_entities","Chiến dịch push — Chi tiết","Xem đầy đủ + trạng thái","admin","matrix","launch"
"console.liveops_entities.push_campaigns.editor","console","liveops_entities","Chiến dịch push — Soạn thảo","Tạo/sửa có kiểm tra hợp lệ","admin","matrix","launch"
"console.liveops_entities.push_campaigns.history","console","liveops_entities","Chiến dịch push — Lịch sử","Phiên bản, người sửa, diff","admin","matrix","launch"
"console.liveops_entities.push_campaigns.bulk","console","liveops_entities","Chiến dịch push — Hàng loạt","Nhập/xuất CSV, sửa nhiều bản ghi","admin","matrix","launch"
"console.liveops_entities.announcements.list","console","liveops_entities","Thông báo — Danh sách","Tìm, lọc, sắp xếp","admin","matrix","launch"
"console.liveops_entities.announcements.detail","console","liveops_entities","Thông báo — Chi tiết","Xem đầy đủ + trạng thái","admin","matrix","launch"
"console.liveops_entities.announcements.editor","console","liveops_entities","Thông báo — Soạn thảo","Tạo/sửa có kiểm tra hợp lệ","admin","matrix","launch"
"console.liveops_entities.announcements.history","console","liveops_entities","Thông báo — Lịch sử","Phiên bản, người sửa, diff","admin","matrix","launch"
"console.liveops_entities.announcements.bulk","console","liveops_entities","Thông báo — Hàng loạt","Nhập/xuất CSV, sửa nhiều bản ghi","admin","matrix","launch"
"console.liveops_entities.segments.list","console","liveops_entities","Phân khúc — Danh sách","Tìm, lọc, sắp xếp","admin","matrix","launch"
"console.liveops_entities.segments.detail","console","liveops_entities","Phân khúc — Chi tiết","Xem đầy đủ + trạng thái","admin","matrix","launch"
"console.liveops_entities.segments.editor","console","liveops_entities","Phân khúc — Soạn thảo","Tạo/sửa có kiểm tra hợp lệ","admin","matrix","launch"
"console.liveops_entities.segments.history","console","liveops_entities","Phân khúc — Lịch sử","Phiên bản, người sửa, diff","admin","matrix","launch"
"console.liveops_entities.segments.bulk","console","liveops_entities","Phân khúc — Hàng loạt","Nhập/xuất CSV, sửa nhiều bản ghi","admin","matrix","launch"
"console.liveops_entities.ab_tests.list","console","liveops_entities","Thử nghiệm A/B — Danh sách","Tìm, lọc, sắp xếp","admin","matrix","launch"
"console.liveops_entities.ab_tests.detail","console","liveops_entities","Thử nghiệm A/B — Chi tiết","Xem đầy đủ + trạng thái","admin","matrix","launch"
"console.liveops_entities.ab_tests.editor","console","liveops_entities","Thử nghiệm A/B — Soạn thảo","Tạo/sửa có kiểm tra hợp lệ","admin","matrix","launch"
"console.liveops_entities.ab_tests.history","console","liveops_entities","Thử nghiệm A/B — Lịch sử","Phiên bản, người sửa, diff","admin","matrix","launch"
"console.liveops_entities.ab_tests.bulk","console","liveops_entities","Thử nghiệm A/B — Hàng loạt","Nhập/xuất CSV, sửa nhiều bản ghi","admin","matrix","launch"
"console.liveops_entities.feature_flags.list","console","liveops_entities","Feature flag — Danh sách","Tìm, lọc, sắp xếp","admin","matrix","launch"
"console.liveops_entities.feature_flags.detail","console","liveops_entities","Feature flag — Chi tiết","Xem đầy đủ + trạng thái","admin","matrix","launch"
"console.liveops_entities.feature_flags.editor","console","liveops_entities","Feature flag — Soạn thảo","Tạo/sửa có kiểm tra hợp lệ","admin","matrix","launch"
"console.liveops_entities.feature_flags.history","console","liveops_entities","Feature flag — Lịch sử","Phiên bản, người sửa, diff","admin","matrix","launch"
"console.liveops_entities.feature_flags.bulk","console","liveops_entities","Feature flag — Hàng loạt","Nhập/xuất CSV, sửa nhiều bản ghi","admin","matrix","launch"
"console.liveops_entities.leaderboard_seasons.list","console","liveops_entities","Mùa xếp hạng — Danh sách","Tìm, lọc, sắp xếp","admin","matrix","launch"
"console.liveops_entities.leaderboard_seasons.detail","console","liveops_entities","Mùa xếp hạng — Chi tiết","Xem đầy đủ + trạng thái","admin","matrix","launch"
"console.liveops_entities.leaderboard_seasons.editor","console","liveops_entities","Mùa xếp hạng — Soạn thảo","Tạo/sửa có kiểm tra hợp lệ","admin","matrix","launch"
"console.liveops_entities.leaderboard_seasons.history","console","liveops_entities","Mùa xếp hạng — Lịch sử","Phiên bản, người sửa, diff","admin","matrix","launch"
"console.liveops_entities.leaderboard_seasons.bulk","console","liveops_entities","Mùa xếp hạng — Hàng loạt","Nhập/xuất CSV, sửa nhiều bản ghi","admin","matrix","launch"
"console.liveops_entities.battle_pass_seasons.list","console","liveops_entities","Mùa Battle Pass — Danh sách","Tìm, lọc, sắp xếp","admin","matrix","launch"
"console.liveops_entities.battle_pass_seasons.detail","console","liveops_entities","Mùa Battle Pass — Chi tiết","Xem đầy đủ + trạng thái","admin","matrix","launch"
"console.liveops_entities.battle_pass_seasons.editor","console","liveops_entities","Mùa Battle Pass — Soạn thảo","Tạo/sửa có kiểm tra hợp lệ","admin","matrix","launch"
"console.liveops_entities.battle_pass_seasons.history","console","liveops_entities","Mùa Battle Pass — Lịch sử","Phiên bản, người sửa, diff","admin","matrix","launch"
"console.liveops_entities.battle_pass_seasons.bulk","console","liveops_entities","Mùa Battle Pass — Hàng loạt","Nhập/xuất CSV, sửa nhiều bản ghi","admin","matrix","launch"
"console.liveops_entities.tournaments.list","console","liveops_entities","Giải đấu — Danh sách","Tìm, lọc, sắp xếp","admin","matrix","launch"
"console.liveops_entities.tournaments.detail","console","liveops_entities","Giải đấu — Chi tiết","Xem đầy đủ + trạng thái","admin","matrix","launch"
"console.liveops_entities.tournaments.editor","console","liveops_entities","Giải đấu — Soạn thảo","Tạo/sửa có kiểm tra hợp lệ","admin","matrix","launch"
"console.liveops_entities.tournaments.history","console","liveops_entities","Giải đấu — Lịch sử","Phiên bản, người sửa, diff","admin","matrix","launch"
"console.liveops_entities.tournaments.bulk","console","liveops_entities","Giải đấu — Hàng loạt","Nhập/xuất CSV, sửa nhiều bản ghi","admin","matrix","launch"
"console.liveops_entities.guilds.list","console","liveops_entities","Bang hội — Danh sách","Tìm, lọc, sắp xếp","admin","matrix","launch"
"console.liveops_entities.guilds.detail","console","liveops_entities","Bang hội — Chi tiết","Xem đầy đủ + trạng thái","admin","matrix","launch"
"console.liveops_entities.guilds.editor","console","liveops_entities","Bang hội — Soạn thảo","Tạo/sửa có kiểm tra hợp lệ","admin","matrix","launch"
"console.liveops_entities.guilds.history","console","liveops_entities","Bang hội — Lịch sử","Phiên bản, người sửa, diff","admin","matrix","launch"
"console.liveops_entities.guilds.bulk","console","liveops_entities","Bang hội — Hàng loạt","Nhập/xuất CSV, sửa nhiều bản ghi","admin","matrix","launch"
"console.liveops_entities.staff_users.list","console","liveops_entities","Tài khoản nhân viên — Danh sách","Tìm, lọc, sắp xếp","admin","matrix","launch"
"console.liveops_entities.staff_users.detail","console","liveops_entities","Tài khoản nhân viên — Chi tiết","Xem đầy đủ + trạng thái","admin","matrix","launch"
"console.liveops_entities.staff_users.editor","console","liveops_entities","Tài khoản nhân viên — Soạn thảo","Tạo/sửa có kiểm tra hợp lệ","admin","matrix","launch"
"console.liveops_entities.staff_users.history","console","liveops_entities","Tài khoản nhân viên — Lịch sử","Phiên bản, người sửa, diff","admin","matrix","launch"
"console.liveops_entities.staff_users.bulk","console","liveops_entities","Tài khoản nhân viên — Hàng loạt","Nhập/xuất CSV, sửa nhiều bản ghi","admin","matrix","launch"
"console.liveops_entities.roles.list","console","liveops_entities","Vai trò & quyền — Danh sách","Tìm, lọc, sắp xếp","admin","matrix","launch"
"console.liveops_entities.roles.detail","console","liveops_entities","Vai trò & quyền — Chi tiết","Xem đầy đủ + trạng thái","admin","matrix","launch"
"console.liveops_entities.roles.editor","console","liveops_entities","Vai trò & quyền — Soạn thảo","Tạo/sửa có kiểm tra hợp lệ","admin","matrix","launch"
"console.liveops_entities.roles.history","console","liveops_entities","Vai trò & quyền — Lịch sử","Phiên bản, người sửa, diff","admin","matrix","launch"
"console.liveops_entities.roles.bulk","console","liveops_entities","Vai trò & quyền — Hàng loạt","Nhập/xuất CSV, sửa nhiều bản ghi","admin","matrix","launch"
"console.liveops_entities.api_keys.list","console","liveops_entities","API key — Danh sách","Tìm, lọc, sắp xếp","admin","matrix","launch"
"console.liveops_entities.api_keys.detail","console","liveops_entities","API key — Chi tiết","Xem đầy đủ + trạng thái","admin","matrix","launch"
"console.liveops_entities.api_keys.editor","console","liveops_entities","API key — Soạn thảo","Tạo/sửa có kiểm tra hợp lệ","admin","matrix","launch"
"console.liveops_entities.api_keys.history","console","liveops_entities","API key — Lịch sử","Phiên bản, người sửa, diff","admin","matrix","launch"
"console.liveops_entities.api_keys.bulk","console","liveops_entities","API key — Hàng loạt","Nhập/xuất CSV, sửa nhiều bản ghi","admin","matrix","launch"
"console.liveops_entities.word_filters.list","console","liveops_entities","Bộ lọc từ ngữ — Danh sách","Tìm, lọc, sắp xếp","admin","matrix","launch"
"console.liveops_entities.word_filters.detail","console","liveops_entities","Bộ lọc từ ngữ — Chi tiết","Xem đầy đủ + trạng thái","admin","matrix","launch"
"console.liveops_entities.word_filters.editor","console","liveops_entities","Bộ lọc từ ngữ — Soạn thảo","Tạo/sửa có kiểm tra hợp lệ","admin","matrix","launch"
"console.liveops_entities.word_filters.history","console","liveops_entities","Bộ lọc từ ngữ — Lịch sử","Phiên bản, người sửa, diff","admin","matrix","launch"
"console.liveops_entities.word_filters.bulk","console","liveops_entities","Bộ lọc từ ngữ — Hàng loạt","Nhập/xuất CSV, sửa nhiều bản ghi","admin","matrix","launch"
"console.liveops_entities.maintenance_windows.list","console","liveops_entities","Lịch bảo trì — Danh sách","Tìm, lọc, sắp xếp","admin","matrix","launch"
"console.liveops_entities.maintenance_windows.detail","console","liveops_entities","Lịch bảo trì — Chi tiết","Xem đầy đủ + trạng thái","admin","matrix","launch"
"console.liveops_entities.maintenance_windows.editor","console","liveops_entities","Lịch bảo trì — Soạn thảo","Tạo/sửa có kiểm tra hợp lệ","admin","matrix","launch"
"console.liveops_entities.maintenance_windows.history","console","liveops_entities","Lịch bảo trì — Lịch sử","Phiên bản, người sửa, diff","admin","matrix","launch"
"console.liveops_entities.maintenance_windows.bulk","console","liveops_entities","Lịch bảo trì — Hàng loạt","Nhập/xuất CSV, sửa nhiều bản ghi","admin","matrix","launch"
"console.liveops_entities.store_products.list","console","liveops_entities","Sản phẩm IAP — Danh sách","Tìm, lọc, sắp xếp","admin","matrix","launch"
"console.liveops_entities.store_products.detail","console","liveops_entities","Sản phẩm IAP — Chi tiết","Xem đầy đủ + trạng thái","admin","matrix","launch"
"console.liveops_entities.store_products.editor","console","liveops_entities","Sản phẩm IAP — Soạn thảo","Tạo/sửa có kiểm tra hợp lệ","admin","matrix","launch"
"console.liveops_entities.store_products.history","console","liveops_entities","Sản phẩm IAP — Lịch sử","Phiên bản, người sửa, diff","admin","matrix","launch"
"console.liveops_entities.store_products.bulk","console","liveops_entities","Sản phẩm IAP — Hàng loạt","Nhập/xuất CSV, sửa nhiều bản ghi","admin","matrix","launch"
"console.liveops_entities.support_macros.list","console","liveops_entities","Mẫu trả lời CSKH — Danh sách","Tìm, lọc, sắp xếp","admin","matrix","launch"
"console.liveops_entities.support_macros.detail","console","liveops_entities","Mẫu trả lời CSKH — Chi tiết","Xem đầy đủ + trạng thái","admin","matrix","launch"
"console.liveops_entities.support_macros.editor","console","liveops_entities","Mẫu trả lời CSKH — Soạn thảo","Tạo/sửa có kiểm tra hợp lệ","admin","matrix","launch"
"console.liveops_entities.support_macros.history","console","liveops_entities","Mẫu trả lời CSKH — Lịch sử","Phiên bản, người sửa, diff","admin","matrix","launch"
"console.liveops_entities.support_macros.bulk","console","liveops_entities","Mẫu trả lời CSKH — Hàng loạt","Nhập/xuất CSV, sửa nhiều bản ghi","admin","matrix","launch"
"console.liveops_entities.faq_articles.list","console","liveops_entities","Bài FAQ — Danh sách","Tìm, lọc, sắp xếp","admin","matrix","launch"
"console.liveops_entities.faq_articles.detail","console","liveops_entities","Bài FAQ — Chi tiết","Xem đầy đủ + trạng thái","admin","matrix","launch"
"console.liveops_entities.faq_articles.editor","console","liveops_entities","Bài FAQ — Soạn thảo","Tạo/sửa có kiểm tra hợp lệ","admin","matrix","launch"
"console.liveops_entities.faq_articles.history","console","liveops_entities","Bài FAQ — Lịch sử","Phiên bản, người sửa, diff","admin","matrix","launch"
"console.liveops_entities.faq_articles.bulk","console","liveops_entities","Bài FAQ — Hàng loạt","Nhập/xuất CSV, sửa nhiều bản ghi","admin","matrix","launch"
"console.liveops_entities.news_posts.list","console","liveops_entities","Bài tin tức — Danh sách","Tìm, lọc, sắp xếp","admin","matrix","launch"
"console.liveops_entities.news_posts.detail","console","liveops_entities","Bài tin tức — Chi tiết","Xem đầy đủ + trạng thái","admin","matrix","launch"
"console.liveops_entities.news_posts.editor","console","liveops_entities","Bài tin tức — Soạn thảo","Tạo/sửa có kiểm tra hợp lệ","admin","matrix","launch"
"console.liveops_entities.news_posts.history","console","liveops_entities","Bài tin tức — Lịch sử","Phiên bản, người sửa, diff","admin","matrix","launch"
"console.liveops_entities.news_posts.bulk","console","liveops_entities","Bài tin tức — Hàng loạt","Nhập/xuất CSV, sửa nhiều bản ghi","admin","matrix","launch"
"console.liveops_entities.patch_notes.list","console","liveops_entities","Ghi chú cập nhật — Danh sách","Tìm, lọc, sắp xếp","admin","matrix","launch"
"console.liveops_entities.patch_notes.detail","console","liveops_entities","Ghi chú cập nhật — Chi tiết","Xem đầy đủ + trạng thái","admin","matrix","launch"
"console.liveops_entities.patch_notes.editor","console","liveops_entities","Ghi chú cập nhật — Soạn thảo","Tạo/sửa có kiểm tra hợp lệ","admin","matrix","launch"
"console.liveops_entities.patch_notes.history","console","liveops_entities","Ghi chú cập nhật — Lịch sử","Phiên bản, người sửa, diff","admin","matrix","launch"
"console.liveops_entities.patch_notes.bulk","console","liveops_entities","Ghi chú cập nhật — Hàng loạt","Nhập/xuất CSV, sửa nhiều bản ghi","admin","matrix","launch"
"console.liveops_entities.pilot_cohorts.list","console","liveops_entities","Nhóm pilot — Danh sách","Tìm, lọc, sắp xếp","admin","matrix","launch"
"console.liveops_entities.pilot_cohorts.detail","console","liveops_entities","Nhóm pilot — Chi tiết","Xem đầy đủ + trạng thái","admin","matrix","launch"
"console.liveops_entities.pilot_cohorts.editor","console","liveops_entities","Nhóm pilot — Soạn thảo","Tạo/sửa có kiểm tra hợp lệ","admin","matrix","launch"
"console.liveops_entities.pilot_cohorts.history","console","liveops_entities","Nhóm pilot — Lịch sử","Phiên bản, người sửa, diff","admin","matrix","launch"
"console.liveops_entities.pilot_cohorts.bulk","console","liveops_entities","Nhóm pilot — Hàng loạt","Nhập/xuất CSV, sửa nhiều bản ghi","admin","matrix","launch"
"console.liveops_entities.pilot_builds.list","console","liveops_entities","Build pilot — Danh sách","Tìm, lọc, sắp xếp","admin","matrix","launch"
"console.liveops_entities.pilot_builds.detail","console","liveops_entities","Build pilot — Chi tiết","Xem đầy đủ + trạng thái","admin","matrix","launch"
"console.liveops_entities.pilot_builds.editor","console","liveops_entities","Build pilot — Soạn thảo","Tạo/sửa có kiểm tra hợp lệ","admin","matrix","launch"
"console.liveops_entities.pilot_builds.history","console","liveops_entities","Build pilot — Lịch sử","Phiên bản, người sửa, diff","admin","matrix","launch"
"console.liveops_entities.pilot_builds.bulk","console","liveops_entities","Build pilot — Hàng loạt","Nhập/xuất CSV, sửa nhiều bản ghi","admin","matrix","launch"
"console.liveops_entities.pilot_surveys.list","console","liveops_entities","Khảo sát pilot — Danh sách","Tìm, lọc, sắp xếp","admin","matrix","launch"
"console.liveops_entities.pilot_surveys.detail","console","liveops_entities","Khảo sát pilot — Chi tiết","Xem đầy đủ + trạng thái","admin","matrix","launch"
"console.liveops_entities.pilot_surveys.editor","console","liveops_entities","Khảo sát pilot — Soạn thảo","Tạo/sửa có kiểm tra hợp lệ","admin","matrix","launch"
"console.liveops_entities.pilot_surveys.history","console","liveops_entities","Khảo sát pilot — Lịch sử","Phiên bản, người sửa, diff","admin","matrix","launch"
"console.liveops_entities.pilot_surveys.bulk","console","liveops_entities","Khảo sát pilot — Hàng loạt","Nhập/xuất CSV, sửa nhiều bản ghi","admin","matrix","launch"
"console.liveops_entities.content_releases.list","console","liveops_entities","Bản phát hành nội dung — Danh sách","Tìm, lọc, sắp xếp","admin","matrix","launch"
"console.liveops_entities.content_releases.detail","console","liveops_entities","Bản phát hành nội dung — Chi tiết","Xem đầy đủ + trạng thái","admin","matrix","launch"
"console.liveops_entities.content_releases.editor","console","liveops_entities","Bản phát hành nội dung — Soạn thảo","Tạo/sửa có kiểm tra hợp lệ","admin","matrix","launch"
"console.liveops_entities.content_releases.history","console","liveops_entities","Bản phát hành nội dung — Lịch sử","Phiên bản, người sửa, diff","admin","matrix","launch"
"console.liveops_entities.content_releases.bulk","console","liveops_entities","Bản phát hành nội dung — Hàng loạt","Nhập/xuất CSV, sửa nhiều bản ghi","admin","matrix","launch"
"studio.content_entities.hero_classes.list","studio","content_entities","Lớp nhân vật — Danh sách","Tìm, lọc, kiểm tra lỗi","creator","matrix","launch"
"studio.content_entities.hero_classes.detail","studio","content_entities","Lớp nhân vật — Chi tiết","Xem đầy đủ + nơi được tham chiếu","creator","matrix","launch"
"studio.content_entities.hero_classes.editor","studio","content_entities","Lớp nhân vật — Soạn thảo","Form theo JSON Schema + xem trước","creator","matrix","launch"
"studio.content_entities.hero_classes.history","studio","content_entities","Lớp nhân vật — Lịch sử","Phiên bản, diff, hoàn tác","creator","matrix","launch"
"studio.content_entities.hero_classes.bulk","studio","content_entities","Lớp nhân vật — Hàng loạt","Nhập/xuất bảng tính, sửa nhiều","creator","matrix","launch"
"studio.content_entities.hero_classes.promote","studio","content_entities","Lớp nhân vật — Đẩy môi trường","So sánh dev→staging→prod và đẩy","creator","matrix","launch"
"studio.content_entities.heroes.list","studio","content_entities","Anh hùng — Danh sách","Tìm, lọc, kiểm tra lỗi","creator","matrix","launch"
"studio.content_entities.heroes.detail","studio","content_entities","Anh hùng — Chi tiết","Xem đầy đủ + nơi được tham chiếu","creator","matrix","launch"
"studio.content_entities.heroes.editor","studio","content_entities","Anh hùng — Soạn thảo","Form theo JSON Schema + xem trước","creator","matrix","launch"
"studio.content_entities.heroes.history","studio","content_entities","Anh hùng — Lịch sử","Phiên bản, diff, hoàn tác","creator","matrix","launch"
"studio.content_entities.heroes.bulk","studio","content_entities","Anh hùng — Hàng loạt","Nhập/xuất bảng tính, sửa nhiều","creator","matrix","launch"
"studio.content_entities.heroes.promote","studio","content_entities","Anh hùng — Đẩy môi trường","So sánh dev→staging→prod và đẩy","creator","matrix","launch"
"studio.content_entities.skills.list","studio","content_entities","Kỹ năng — Danh sách","Tìm, lọc, kiểm tra lỗi","creator","matrix","launch"
"studio.content_entities.skills.detail","studio","content_entities","Kỹ năng — Chi tiết","Xem đầy đủ + nơi được tham chiếu","creator","matrix","launch"
"studio.content_entities.skills.editor","studio","content_entities","Kỹ năng — Soạn thảo","Form theo JSON Schema + xem trước","creator","matrix","launch"
"studio.content_entities.skills.history","studio","content_entities","Kỹ năng — Lịch sử","Phiên bản, diff, hoàn tác","creator","matrix","launch"
"studio.content_entities.skills.bulk","studio","content_entities","Kỹ năng — Hàng loạt","Nhập/xuất bảng tính, sửa nhiều","creator","matrix","launch"
"studio.content_entities.skills.promote","studio","content_entities","Kỹ năng — Đẩy môi trường","So sánh dev→staging→prod và đẩy","creator","matrix","launch"
"studio.content_entities.skill_effects.list","studio","content_entities","Hiệu ứng kỹ năng — Danh sách","Tìm, lọc, kiểm tra lỗi","creator","matrix","launch"
"studio.content_entities.skill_effects.detail","studio","content_entities","Hiệu ứng kỹ năng — Chi tiết","Xem đầy đủ + nơi được tham chiếu","creator","matrix","launch"
"studio.content_entities.skill_effects.editor","studio","content_entities","Hiệu ứng kỹ năng — Soạn thảo","Form theo JSON Schema + xem trước","creator","matrix","launch"
"studio.content_entities.skill_effects.history","studio","content_entities","Hiệu ứng kỹ năng — Lịch sử","Phiên bản, diff, hoàn tác","creator","matrix","launch"
"studio.content_entities.skill_effects.bulk","studio","content_entities","Hiệu ứng kỹ năng — Hàng loạt","Nhập/xuất bảng tính, sửa nhiều","creator","matrix","launch"
"studio.content_entities.skill_effects.promote","studio","content_entities","Hiệu ứng kỹ năng — Đẩy môi trường","So sánh dev→staging→prod và đẩy","creator","matrix","launch"
"studio.content_entities.statuses.list","studio","content_entities","Trạng thái (buff/debuff) — Danh sách","Tìm, lọc, kiểm tra lỗi","creator","matrix","launch"
"studio.content_entities.statuses.detail","studio","content_entities","Trạng thái (buff/debuff) — Chi tiết","Xem đầy đủ + nơi được tham chiếu","creator","matrix","launch"
"studio.content_entities.statuses.editor","studio","content_entities","Trạng thái (buff/debuff) — Soạn thảo","Form theo JSON Schema + xem trước","creator","matrix","launch"
"studio.content_entities.statuses.history","studio","content_entities","Trạng thái (buff/debuff) — Lịch sử","Phiên bản, diff, hoàn tác","creator","matrix","launch"
"studio.content_entities.statuses.bulk","studio","content_entities","Trạng thái (buff/debuff) — Hàng loạt","Nhập/xuất bảng tính, sửa nhiều","creator","matrix","launch"
"studio.content_entities.statuses.promote","studio","content_entities","Trạng thái (buff/debuff) — Đẩy môi trường","So sánh dev→staging→prod và đẩy","creator","matrix","launch"
"studio.content_entities.passives.list","studio","content_entities","Nội tại — Danh sách","Tìm, lọc, kiểm tra lỗi","creator","matrix","launch"
"studio.content_entities.passives.detail","studio","content_entities","Nội tại — Chi tiết","Xem đầy đủ + nơi được tham chiếu","creator","matrix","launch"
"studio.content_entities.passives.editor","studio","content_entities","Nội tại — Soạn thảo","Form theo JSON Schema + xem trước","creator","matrix","launch"
"studio.content_entities.passives.history","studio","content_entities","Nội tại — Lịch sử","Phiên bản, diff, hoàn tác","creator","matrix","launch"
"studio.content_entities.passives.bulk","studio","content_entities","Nội tại — Hàng loạt","Nhập/xuất bảng tính, sửa nhiều","creator","matrix","launch"
"studio.content_entities.passives.promote","studio","content_entities","Nội tại — Đẩy môi trường","So sánh dev→staging→prod và đẩy","creator","matrix","launch"
"studio.content_entities.items.list","studio","content_entities","Vật phẩm — Danh sách","Tìm, lọc, kiểm tra lỗi","creator","matrix","launch"
"studio.content_entities.items.detail","studio","content_entities","Vật phẩm — Chi tiết","Xem đầy đủ + nơi được tham chiếu","creator","matrix","launch"
"studio.content_entities.items.editor","studio","content_entities","Vật phẩm — Soạn thảo","Form theo JSON Schema + xem trước","creator","matrix","launch"
"studio.content_entities.items.history","studio","content_entities","Vật phẩm — Lịch sử","Phiên bản, diff, hoàn tác","creator","matrix","launch"
"studio.content_entities.items.bulk","studio","content_entities","Vật phẩm — Hàng loạt","Nhập/xuất bảng tính, sửa nhiều","creator","matrix","launch"
"studio.content_entities.items.promote","studio","content_entities","Vật phẩm — Đẩy môi trường","So sánh dev→staging→prod và đẩy","creator","matrix","launch"
"studio.content_entities.item_categories.list","studio","content_entities","Loại vật phẩm — Danh sách","Tìm, lọc, kiểm tra lỗi","creator","matrix","launch"
"studio.content_entities.item_categories.detail","studio","content_entities","Loại vật phẩm — Chi tiết","Xem đầy đủ + nơi được tham chiếu","creator","matrix","launch"
"studio.content_entities.item_categories.editor","studio","content_entities","Loại vật phẩm — Soạn thảo","Form theo JSON Schema + xem trước","creator","matrix","launch"
"studio.content_entities.item_categories.history","studio","content_entities","Loại vật phẩm — Lịch sử","Phiên bản, diff, hoàn tác","creator","matrix","launch"
"studio.content_entities.item_categories.bulk","studio","content_entities","Loại vật phẩm — Hàng loạt","Nhập/xuất bảng tính, sửa nhiều","creator","matrix","launch"
"studio.content_entities.item_categories.promote","studio","content_entities","Loại vật phẩm — Đẩy môi trường","So sánh dev→staging→prod và đẩy","creator","matrix","launch"
"studio.content_entities.equipment.list","studio","content_entities","Trang bị — Danh sách","Tìm, lọc, kiểm tra lỗi","creator","matrix","launch"
"studio.content_entities.equipment.detail","studio","content_entities","Trang bị — Chi tiết","Xem đầy đủ + nơi được tham chiếu","creator","matrix","launch"
"studio.content_entities.equipment.editor","studio","content_entities","Trang bị — Soạn thảo","Form theo JSON Schema + xem trước","creator","matrix","launch"
"studio.content_entities.equipment.history","studio","content_entities","Trang bị — Lịch sử","Phiên bản, diff, hoàn tác","creator","matrix","launch"
"studio.content_entities.equipment.bulk","studio","content_entities","Trang bị — Hàng loạt","Nhập/xuất bảng tính, sửa nhiều","creator","matrix","launch"
"studio.content_entities.equipment.promote","studio","content_entities","Trang bị — Đẩy môi trường","So sánh dev→staging→prod và đẩy","creator","matrix","launch"
"studio.content_entities.equipment_sets.list","studio","content_entities","Bộ trang bị — Danh sách","Tìm, lọc, kiểm tra lỗi","creator","matrix","launch"
"studio.content_entities.equipment_sets.detail","studio","content_entities","Bộ trang bị — Chi tiết","Xem đầy đủ + nơi được tham chiếu","creator","matrix","launch"
"studio.content_entities.equipment_sets.editor","studio","content_entities","Bộ trang bị — Soạn thảo","Form theo JSON Schema + xem trước","creator","matrix","launch"
"studio.content_entities.equipment_sets.history","studio","content_entities","Bộ trang bị — Lịch sử","Phiên bản, diff, hoàn tác","creator","matrix","launch"
"studio.content_entities.equipment_sets.bulk","studio","content_entities","Bộ trang bị — Hàng loạt","Nhập/xuất bảng tính, sửa nhiều","creator","matrix","launch"
"studio.content_entities.equipment_sets.promote","studio","content_entities","Bộ trang bị — Đẩy môi trường","So sánh dev→staging→prod và đẩy","creator","matrix","launch"
"studio.content_entities.gems.list","studio","content_entities","Ngọc khảm — Danh sách","Tìm, lọc, kiểm tra lỗi","creator","matrix","launch"
"studio.content_entities.gems.detail","studio","content_entities","Ngọc khảm — Chi tiết","Xem đầy đủ + nơi được tham chiếu","creator","matrix","launch"
"studio.content_entities.gems.editor","studio","content_entities","Ngọc khảm — Soạn thảo","Form theo JSON Schema + xem trước","creator","matrix","launch"
"studio.content_entities.gems.history","studio","content_entities","Ngọc khảm — Lịch sử","Phiên bản, diff, hoàn tác","creator","matrix","launch"
"studio.content_entities.gems.bulk","studio","content_entities","Ngọc khảm — Hàng loạt","Nhập/xuất bảng tính, sửa nhiều","creator","matrix","launch"
"studio.content_entities.gems.promote","studio","content_entities","Ngọc khảm — Đẩy môi trường","So sánh dev→staging→prod và đẩy","creator","matrix","launch"
"studio.content_entities.recipes.list","studio","content_entities","Công thức chế tạo — Danh sách","Tìm, lọc, kiểm tra lỗi","creator","matrix","launch"
"studio.content_entities.recipes.detail","studio","content_entities","Công thức chế tạo — Chi tiết","Xem đầy đủ + nơi được tham chiếu","creator","matrix","launch"
"studio.content_entities.recipes.editor","studio","content_entities","Công thức chế tạo — Soạn thảo","Form theo JSON Schema + xem trước","creator","matrix","launch"
"studio.content_entities.recipes.history","studio","content_entities","Công thức chế tạo — Lịch sử","Phiên bản, diff, hoàn tác","creator","matrix","launch"
"studio.content_entities.recipes.bulk","studio","content_entities","Công thức chế tạo — Hàng loạt","Nhập/xuất bảng tính, sửa nhiều","creator","matrix","launch"
"studio.content_entities.recipes.promote","studio","content_entities","Công thức chế tạo — Đẩy môi trường","So sánh dev→staging→prod và đẩy","creator","matrix","launch"
"studio.content_entities.enemies.list","studio","content_entities","Quái — Danh sách","Tìm, lọc, kiểm tra lỗi","creator","matrix","launch"
"studio.content_entities.enemies.detail","studio","content_entities","Quái — Chi tiết","Xem đầy đủ + nơi được tham chiếu","creator","matrix","launch"
"studio.content_entities.enemies.editor","studio","content_entities","Quái — Soạn thảo","Form theo JSON Schema + xem trước","creator","matrix","launch"
"studio.content_entities.enemies.history","studio","content_entities","Quái — Lịch sử","Phiên bản, diff, hoàn tác","creator","matrix","launch"
"studio.content_entities.enemies.bulk","studio","content_entities","Quái — Hàng loạt","Nhập/xuất bảng tính, sửa nhiều","creator","matrix","launch"
"studio.content_entities.enemies.promote","studio","content_entities","Quái — Đẩy môi trường","So sánh dev→staging→prod và đẩy","creator","matrix","launch"
"studio.content_entities.bosses.list","studio","content_entities","Boss — Danh sách","Tìm, lọc, kiểm tra lỗi","creator","matrix","launch"
"studio.content_entities.bosses.detail","studio","content_entities","Boss — Chi tiết","Xem đầy đủ + nơi được tham chiếu","creator","matrix","launch"
"studio.content_entities.bosses.editor","studio","content_entities","Boss — Soạn thảo","Form theo JSON Schema + xem trước","creator","matrix","launch"
"studio.content_entities.bosses.history","studio","content_entities","Boss — Lịch sử","Phiên bản, diff, hoàn tác","creator","matrix","launch"
"studio.content_entities.bosses.bulk","studio","content_entities","Boss — Hàng loạt","Nhập/xuất bảng tính, sửa nhiều","creator","matrix","launch"
"studio.content_entities.bosses.promote","studio","content_entities","Boss — Đẩy môi trường","So sánh dev→staging→prod và đẩy","creator","matrix","launch"
"studio.content_entities.boss_phases.list","studio","content_entities","Pha boss — Danh sách","Tìm, lọc, kiểm tra lỗi","creator","matrix","launch"
"studio.content_entities.boss_phases.detail","studio","content_entities","Pha boss — Chi tiết","Xem đầy đủ + nơi được tham chiếu","creator","matrix","launch"
"studio.content_entities.boss_phases.editor","studio","content_entities","Pha boss — Soạn thảo","Form theo JSON Schema + xem trước","creator","matrix","launch"
"studio.content_entities.boss_phases.history","studio","content_entities","Pha boss — Lịch sử","Phiên bản, diff, hoàn tác","creator","matrix","launch"
"studio.content_entities.boss_phases.bulk","studio","content_entities","Pha boss — Hàng loạt","Nhập/xuất bảng tính, sửa nhiều","creator","matrix","launch"
"studio.content_entities.boss_phases.promote","studio","content_entities","Pha boss — Đẩy môi trường","So sánh dev→staging→prod và đẩy","creator","matrix","launch"
"studio.content_entities.encounters.list","studio","content_entities","Trận đấu — Danh sách","Tìm, lọc, kiểm tra lỗi","creator","matrix","launch"
"studio.content_entities.encounters.detail","studio","content_entities","Trận đấu — Chi tiết","Xem đầy đủ + nơi được tham chiếu","creator","matrix","launch"
"studio.content_entities.encounters.editor","studio","content_entities","Trận đấu — Soạn thảo","Form theo JSON Schema + xem trước","creator","matrix","launch"
"studio.content_entities.encounters.history","studio","content_entities","Trận đấu — Lịch sử","Phiên bản, diff, hoàn tác","creator","matrix","launch"
"studio.content_entities.encounters.bulk","studio","content_entities","Trận đấu — Hàng loạt","Nhập/xuất bảng tính, sửa nhiều","creator","matrix","launch"
"studio.content_entities.encounters.promote","studio","content_entities","Trận đấu — Đẩy môi trường","So sánh dev→staging→prod và đẩy","creator","matrix","launch"
"studio.content_entities.maps.list","studio","content_entities","Bản đồ — Danh sách","Tìm, lọc, kiểm tra lỗi","creator","matrix","launch"
"studio.content_entities.maps.detail","studio","content_entities","Bản đồ — Chi tiết","Xem đầy đủ + nơi được tham chiếu","creator","matrix","launch"
"studio.content_entities.maps.editor","studio","content_entities","Bản đồ — Soạn thảo","Form theo JSON Schema + xem trước","creator","matrix","launch"
"studio.content_entities.maps.history","studio","content_entities","Bản đồ — Lịch sử","Phiên bản, diff, hoàn tác","creator","matrix","launch"
"studio.content_entities.maps.bulk","studio","content_entities","Bản đồ — Hàng loạt","Nhập/xuất bảng tính, sửa nhiều","creator","matrix","launch"
"studio.content_entities.maps.promote","studio","content_entities","Bản đồ — Đẩy môi trường","So sánh dev→staging→prod và đẩy","creator","matrix","launch"
"studio.content_entities.regions.list","studio","content_entities","Vùng — Danh sách","Tìm, lọc, kiểm tra lỗi","creator","matrix","launch"
"studio.content_entities.regions.detail","studio","content_entities","Vùng — Chi tiết","Xem đầy đủ + nơi được tham chiếu","creator","matrix","launch"
"studio.content_entities.regions.editor","studio","content_entities","Vùng — Soạn thảo","Form theo JSON Schema + xem trước","creator","matrix","launch"
"studio.content_entities.regions.history","studio","content_entities","Vùng — Lịch sử","Phiên bản, diff, hoàn tác","creator","matrix","launch"
"studio.content_entities.regions.bulk","studio","content_entities","Vùng — Hàng loạt","Nhập/xuất bảng tính, sửa nhiều","creator","matrix","launch"
"studio.content_entities.regions.promote","studio","content_entities","Vùng — Đẩy môi trường","So sánh dev→staging→prod và đẩy","creator","matrix","launch"
"studio.content_entities.tilesets.list","studio","content_entities","Tileset — Danh sách","Tìm, lọc, kiểm tra lỗi","creator","matrix","launch"
"studio.content_entities.tilesets.detail","studio","content_entities","Tileset — Chi tiết","Xem đầy đủ + nơi được tham chiếu","creator","matrix","launch"
"studio.content_entities.tilesets.editor","studio","content_entities","Tileset — Soạn thảo","Form theo JSON Schema + xem trước","creator","matrix","launch"
"studio.content_entities.tilesets.history","studio","content_entities","Tileset — Lịch sử","Phiên bản, diff, hoàn tác","creator","matrix","launch"
"studio.content_entities.tilesets.bulk","studio","content_entities","Tileset — Hàng loạt","Nhập/xuất bảng tính, sửa nhiều","creator","matrix","launch"
"studio.content_entities.tilesets.promote","studio","content_entities","Tileset — Đẩy môi trường","So sánh dev→staging→prod và đẩy","creator","matrix","launch"
"studio.content_entities.npcs.list","studio","content_entities","NPC — Danh sách","Tìm, lọc, kiểm tra lỗi","creator","matrix","launch"
"studio.content_entities.npcs.detail","studio","content_entities","NPC — Chi tiết","Xem đầy đủ + nơi được tham chiếu","creator","matrix","launch"
"studio.content_entities.npcs.editor","studio","content_entities","NPC — Soạn thảo","Form theo JSON Schema + xem trước","creator","matrix","launch"
"studio.content_entities.npcs.history","studio","content_entities","NPC — Lịch sử","Phiên bản, diff, hoàn tác","creator","matrix","launch"
"studio.content_entities.npcs.bulk","studio","content_entities","NPC — Hàng loạt","Nhập/xuất bảng tính, sửa nhiều","creator","matrix","launch"
"studio.content_entities.npcs.promote","studio","content_entities","NPC — Đẩy môi trường","So sánh dev→staging→prod và đẩy","creator","matrix","launch"
"studio.content_entities.dialogues.list","studio","content_entities","Hội thoại — Danh sách","Tìm, lọc, kiểm tra lỗi","creator","matrix","launch"
"studio.content_entities.dialogues.detail","studio","content_entities","Hội thoại — Chi tiết","Xem đầy đủ + nơi được tham chiếu","creator","matrix","launch"
"studio.content_entities.dialogues.editor","studio","content_entities","Hội thoại — Soạn thảo","Form theo JSON Schema + xem trước","creator","matrix","launch"
"studio.content_entities.dialogues.history","studio","content_entities","Hội thoại — Lịch sử","Phiên bản, diff, hoàn tác","creator","matrix","launch"
"studio.content_entities.dialogues.bulk","studio","content_entities","Hội thoại — Hàng loạt","Nhập/xuất bảng tính, sửa nhiều","creator","matrix","launch"
"studio.content_entities.dialogues.promote","studio","content_entities","Hội thoại — Đẩy môi trường","So sánh dev→staging→prod và đẩy","creator","matrix","launch"
"studio.content_entities.quests.list","studio","content_entities","Nhiệm vụ — Danh sách","Tìm, lọc, kiểm tra lỗi","creator","matrix","launch"
"studio.content_entities.quests.detail","studio","content_entities","Nhiệm vụ — Chi tiết","Xem đầy đủ + nơi được tham chiếu","creator","matrix","launch"
"studio.content_entities.quests.editor","studio","content_entities","Nhiệm vụ — Soạn thảo","Form theo JSON Schema + xem trước","creator","matrix","launch"
"studio.content_entities.quests.history","studio","content_entities","Nhiệm vụ — Lịch sử","Phiên bản, diff, hoàn tác","creator","matrix","launch"
"studio.content_entities.quests.bulk","studio","content_entities","Nhiệm vụ — Hàng loạt","Nhập/xuất bảng tính, sửa nhiều","creator","matrix","launch"
"studio.content_entities.quests.promote","studio","content_entities","Nhiệm vụ — Đẩy môi trường","So sánh dev→staging→prod và đẩy","creator","matrix","launch"
"studio.content_entities.quest_chains.list","studio","content_entities","Chuỗi nhiệm vụ — Danh sách","Tìm, lọc, kiểm tra lỗi","creator","matrix","launch"
"studio.content_entities.quest_chains.detail","studio","content_entities","Chuỗi nhiệm vụ — Chi tiết","Xem đầy đủ + nơi được tham chiếu","creator","matrix","launch"
"studio.content_entities.quest_chains.editor","studio","content_entities","Chuỗi nhiệm vụ — Soạn thảo","Form theo JSON Schema + xem trước","creator","matrix","launch"
"studio.content_entities.quest_chains.history","studio","content_entities","Chuỗi nhiệm vụ — Lịch sử","Phiên bản, diff, hoàn tác","creator","matrix","launch"
"studio.content_entities.quest_chains.bulk","studio","content_entities","Chuỗi nhiệm vụ — Hàng loạt","Nhập/xuất bảng tính, sửa nhiều","creator","matrix","launch"
"studio.content_entities.quest_chains.promote","studio","content_entities","Chuỗi nhiệm vụ — Đẩy môi trường","So sánh dev→staging→prod và đẩy","creator","matrix","launch"
"studio.content_entities.achievements.list","studio","content_entities","Thành tựu — Danh sách","Tìm, lọc, kiểm tra lỗi","creator","matrix","launch"
"studio.content_entities.achievements.detail","studio","content_entities","Thành tựu — Chi tiết","Xem đầy đủ + nơi được tham chiếu","creator","matrix","launch"
"studio.content_entities.achievements.editor","studio","content_entities","Thành tựu — Soạn thảo","Form theo JSON Schema + xem trước","creator","matrix","launch"
"studio.content_entities.achievements.history","studio","content_entities","Thành tựu — Lịch sử","Phiên bản, diff, hoàn tác","creator","matrix","launch"
"studio.content_entities.achievements.bulk","studio","content_entities","Thành tựu — Hàng loạt","Nhập/xuất bảng tính, sửa nhiều","creator","matrix","launch"
"studio.content_entities.achievements.promote","studio","content_entities","Thành tựu — Đẩy môi trường","So sánh dev→staging→prod và đẩy","creator","matrix","launch"
"studio.content_entities.titles.list","studio","content_entities","Danh hiệu — Danh sách","Tìm, lọc, kiểm tra lỗi","creator","matrix","launch"
"studio.content_entities.titles.detail","studio","content_entities","Danh hiệu — Chi tiết","Xem đầy đủ + nơi được tham chiếu","creator","matrix","launch"
"studio.content_entities.titles.editor","studio","content_entities","Danh hiệu — Soạn thảo","Form theo JSON Schema + xem trước","creator","matrix","launch"
"studio.content_entities.titles.history","studio","content_entities","Danh hiệu — Lịch sử","Phiên bản, diff, hoàn tác","creator","matrix","launch"
"studio.content_entities.titles.bulk","studio","content_entities","Danh hiệu — Hàng loạt","Nhập/xuất bảng tính, sửa nhiều","creator","matrix","launch"
"studio.content_entities.titles.promote","studio","content_entities","Danh hiệu — Đẩy môi trường","So sánh dev→staging→prod và đẩy","creator","matrix","launch"
"studio.content_entities.checkin_tables.list","studio","content_entities","Bảng điểm danh — Danh sách","Tìm, lọc, kiểm tra lỗi","creator","matrix","launch"
"studio.content_entities.checkin_tables.detail","studio","content_entities","Bảng điểm danh — Chi tiết","Xem đầy đủ + nơi được tham chiếu","creator","matrix","launch"
"studio.content_entities.checkin_tables.editor","studio","content_entities","Bảng điểm danh — Soạn thảo","Form theo JSON Schema + xem trước","creator","matrix","launch"
"studio.content_entities.checkin_tables.history","studio","content_entities","Bảng điểm danh — Lịch sử","Phiên bản, diff, hoàn tác","creator","matrix","launch"
"studio.content_entities.checkin_tables.bulk","studio","content_entities","Bảng điểm danh — Hàng loạt","Nhập/xuất bảng tính, sửa nhiều","creator","matrix","launch"
"studio.content_entities.checkin_tables.promote","studio","content_entities","Bảng điểm danh — Đẩy môi trường","So sánh dev→staging→prod và đẩy","creator","matrix","launch"
"studio.content_entities.loot_tables.list","studio","content_entities","Bảng rơi đồ — Danh sách","Tìm, lọc, kiểm tra lỗi","creator","matrix","launch"
"studio.content_entities.loot_tables.detail","studio","content_entities","Bảng rơi đồ — Chi tiết","Xem đầy đủ + nơi được tham chiếu","creator","matrix","launch"
"studio.content_entities.loot_tables.editor","studio","content_entities","Bảng rơi đồ — Soạn thảo","Form theo JSON Schema + xem trước","creator","matrix","launch"
"studio.content_entities.loot_tables.history","studio","content_entities","Bảng rơi đồ — Lịch sử","Phiên bản, diff, hoàn tác","creator","matrix","launch"
"studio.content_entities.loot_tables.bulk","studio","content_entities","Bảng rơi đồ — Hàng loạt","Nhập/xuất bảng tính, sửa nhiều","creator","matrix","launch"
"studio.content_entities.loot_tables.promote","studio","content_entities","Bảng rơi đồ — Đẩy môi trường","So sánh dev→staging→prod và đẩy","creator","matrix","launch"
"studio.content_entities.recruit_pools.list","studio","content_entities","Nhóm chiêu mộ — Danh sách","Tìm, lọc, kiểm tra lỗi","creator","matrix","launch"
"studio.content_entities.recruit_pools.detail","studio","content_entities","Nhóm chiêu mộ — Chi tiết","Xem đầy đủ + nơi được tham chiếu","creator","matrix","launch"
"studio.content_entities.recruit_pools.editor","studio","content_entities","Nhóm chiêu mộ — Soạn thảo","Form theo JSON Schema + xem trước","creator","matrix","launch"
"studio.content_entities.recruit_pools.history","studio","content_entities","Nhóm chiêu mộ — Lịch sử","Phiên bản, diff, hoàn tác","creator","matrix","launch"
"studio.content_entities.recruit_pools.bulk","studio","content_entities","Nhóm chiêu mộ — Hàng loạt","Nhập/xuất bảng tính, sửa nhiều","creator","matrix","launch"
"studio.content_entities.recruit_pools.promote","studio","content_entities","Nhóm chiêu mộ — Đẩy môi trường","So sánh dev→staging→prod và đẩy","creator","matrix","launch"
"studio.content_entities.currencies.list","studio","content_entities","Tiền tệ — Danh sách","Tìm, lọc, kiểm tra lỗi","creator","matrix","launch"
"studio.content_entities.currencies.detail","studio","content_entities","Tiền tệ — Chi tiết","Xem đầy đủ + nơi được tham chiếu","creator","matrix","launch"
"studio.content_entities.currencies.editor","studio","content_entities","Tiền tệ — Soạn thảo","Form theo JSON Schema + xem trước","creator","matrix","launch"
"studio.content_entities.currencies.history","studio","content_entities","Tiền tệ — Lịch sử","Phiên bản, diff, hoàn tác","creator","matrix","launch"
"studio.content_entities.currencies.bulk","studio","content_entities","Tiền tệ — Hàng loạt","Nhập/xuất bảng tính, sửa nhiều","creator","matrix","launch"
"studio.content_entities.currencies.promote","studio","content_entities","Tiền tệ — Đẩy môi trường","So sánh dev→staging→prod và đẩy","creator","matrix","launch"
"studio.content_entities.shop_catalogs.list","studio","content_entities","Danh mục cửa hàng — Danh sách","Tìm, lọc, kiểm tra lỗi","creator","matrix","launch"
"studio.content_entities.shop_catalogs.detail","studio","content_entities","Danh mục cửa hàng — Chi tiết","Xem đầy đủ + nơi được tham chiếu","creator","matrix","launch"
"studio.content_entities.shop_catalogs.editor","studio","content_entities","Danh mục cửa hàng — Soạn thảo","Form theo JSON Schema + xem trước","creator","matrix","launch"
"studio.content_entities.shop_catalogs.history","studio","content_entities","Danh mục cửa hàng — Lịch sử","Phiên bản, diff, hoàn tác","creator","matrix","launch"
"studio.content_entities.shop_catalogs.bulk","studio","content_entities","Danh mục cửa hàng — Hàng loạt","Nhập/xuất bảng tính, sửa nhiều","creator","matrix","launch"
"studio.content_entities.shop_catalogs.promote","studio","content_entities","Danh mục cửa hàng — Đẩy môi trường","So sánh dev→staging→prod và đẩy","creator","matrix","launch"
"studio.content_entities.pets.list","studio","content_entities","Thú cưng — Danh sách","Tìm, lọc, kiểm tra lỗi","creator","matrix","launch"
"studio.content_entities.pets.detail","studio","content_entities","Thú cưng — Chi tiết","Xem đầy đủ + nơi được tham chiếu","creator","matrix","launch"
"studio.content_entities.pets.editor","studio","content_entities","Thú cưng — Soạn thảo","Form theo JSON Schema + xem trước","creator","matrix","launch"
"studio.content_entities.pets.history","studio","content_entities","Thú cưng — Lịch sử","Phiên bản, diff, hoàn tác","creator","matrix","launch"
"studio.content_entities.pets.bulk","studio","content_entities","Thú cưng — Hàng loạt","Nhập/xuất bảng tính, sửa nhiều","creator","matrix","launch"
"studio.content_entities.pets.promote","studio","content_entities","Thú cưng — Đẩy môi trường","So sánh dev→staging→prod và đẩy","creator","matrix","launch"
"studio.content_entities.buildings.list","studio","content_entities","Công trình làng — Danh sách","Tìm, lọc, kiểm tra lỗi","creator","matrix","launch"
"studio.content_entities.buildings.detail","studio","content_entities","Công trình làng — Chi tiết","Xem đầy đủ + nơi được tham chiếu","creator","matrix","launch"
"studio.content_entities.buildings.editor","studio","content_entities","Công trình làng — Soạn thảo","Form theo JSON Schema + xem trước","creator","matrix","launch"
"studio.content_entities.buildings.history","studio","content_entities","Công trình làng — Lịch sử","Phiên bản, diff, hoàn tác","creator","matrix","launch"
"studio.content_entities.buildings.bulk","studio","content_entities","Công trình làng — Hàng loạt","Nhập/xuất bảng tính, sửa nhiều","creator","matrix","launch"
"studio.content_entities.buildings.promote","studio","content_entities","Công trình làng — Đẩy môi trường","So sánh dev→staging→prod và đẩy","creator","matrix","launch"
"studio.content_entities.cutscenes.list","studio","content_entities","Cutscene — Danh sách","Tìm, lọc, kiểm tra lỗi","creator","matrix","launch"
"studio.content_entities.cutscenes.detail","studio","content_entities","Cutscene — Chi tiết","Xem đầy đủ + nơi được tham chiếu","creator","matrix","launch"
"studio.content_entities.cutscenes.editor","studio","content_entities","Cutscene — Soạn thảo","Form theo JSON Schema + xem trước","creator","matrix","launch"
"studio.content_entities.cutscenes.history","studio","content_entities","Cutscene — Lịch sử","Phiên bản, diff, hoàn tác","creator","matrix","launch"
"studio.content_entities.cutscenes.bulk","studio","content_entities","Cutscene — Hàng loạt","Nhập/xuất bảng tính, sửa nhiều","creator","matrix","launch"
"studio.content_entities.cutscenes.promote","studio","content_entities","Cutscene — Đẩy môi trường","So sánh dev→staging→prod và đẩy","creator","matrix","launch"
"studio.content_entities.tutorials.list","studio","content_entities","Hướng dẫn — Danh sách","Tìm, lọc, kiểm tra lỗi","creator","matrix","launch"
"studio.content_entities.tutorials.detail","studio","content_entities","Hướng dẫn — Chi tiết","Xem đầy đủ + nơi được tham chiếu","creator","matrix","launch"
"studio.content_entities.tutorials.editor","studio","content_entities","Hướng dẫn — Soạn thảo","Form theo JSON Schema + xem trước","creator","matrix","launch"
"studio.content_entities.tutorials.history","studio","content_entities","Hướng dẫn — Lịch sử","Phiên bản, diff, hoàn tác","creator","matrix","launch"
"studio.content_entities.tutorials.bulk","studio","content_entities","Hướng dẫn — Hàng loạt","Nhập/xuất bảng tính, sửa nhiều","creator","matrix","launch"
"studio.content_entities.tutorials.promote","studio","content_entities","Hướng dẫn — Đẩy môi trường","So sánh dev→staging→prod và đẩy","creator","matrix","launch"
"studio.content_entities.loc_keys.list","studio","content_entities","Key bản dịch — Danh sách","Tìm, lọc, kiểm tra lỗi","creator","matrix","launch"
"studio.content_entities.loc_keys.detail","studio","content_entities","Key bản dịch — Chi tiết","Xem đầy đủ + nơi được tham chiếu","creator","matrix","launch"
"studio.content_entities.loc_keys.editor","studio","content_entities","Key bản dịch — Soạn thảo","Form theo JSON Schema + xem trước","creator","matrix","launch"
"studio.content_entities.loc_keys.history","studio","content_entities","Key bản dịch — Lịch sử","Phiên bản, diff, hoàn tác","creator","matrix","launch"
"studio.content_entities.loc_keys.bulk","studio","content_entities","Key bản dịch — Hàng loạt","Nhập/xuất bảng tính, sửa nhiều","creator","matrix","launch"
"studio.content_entities.loc_keys.promote","studio","content_entities","Key bản dịch — Đẩy môi trường","So sánh dev→staging→prod và đẩy","creator","matrix","launch"
"studio.content_entities.audio_cues.list","studio","content_entities","Âm thanh — Danh sách","Tìm, lọc, kiểm tra lỗi","creator","matrix","launch"
"studio.content_entities.audio_cues.detail","studio","content_entities","Âm thanh — Chi tiết","Xem đầy đủ + nơi được tham chiếu","creator","matrix","launch"
"studio.content_entities.audio_cues.editor","studio","content_entities","Âm thanh — Soạn thảo","Form theo JSON Schema + xem trước","creator","matrix","launch"
"studio.content_entities.audio_cues.history","studio","content_entities","Âm thanh — Lịch sử","Phiên bản, diff, hoàn tác","creator","matrix","launch"
"studio.content_entities.audio_cues.bulk","studio","content_entities","Âm thanh — Hàng loạt","Nhập/xuất bảng tính, sửa nhiều","creator","matrix","launch"
"studio.content_entities.audio_cues.promote","studio","content_entities","Âm thanh — Đẩy môi trường","So sánh dev→staging→prod và đẩy","creator","matrix","launch"
"studio.content_entities.vfx.list","studio","content_entities","Hiệu ứng hình ảnh — Danh sách","Tìm, lọc, kiểm tra lỗi","creator","matrix","launch"
"studio.content_entities.vfx.detail","studio","content_entities","Hiệu ứng hình ảnh — Chi tiết","Xem đầy đủ + nơi được tham chiếu","creator","matrix","launch"
"studio.content_entities.vfx.editor","studio","content_entities","Hiệu ứng hình ảnh — Soạn thảo","Form theo JSON Schema + xem trước","creator","matrix","launch"
"studio.content_entities.vfx.history","studio","content_entities","Hiệu ứng hình ảnh — Lịch sử","Phiên bản, diff, hoàn tác","creator","matrix","launch"
"studio.content_entities.vfx.bulk","studio","content_entities","Hiệu ứng hình ảnh — Hàng loạt","Nhập/xuất bảng tính, sửa nhiều","creator","matrix","launch"
"studio.content_entities.vfx.promote","studio","content_entities","Hiệu ứng hình ảnh — Đẩy môi trường","So sánh dev→staging→prod và đẩy","creator","matrix","launch"
"studio.content_entities.sprite_sets.list","studio","content_entities","Bộ sprite — Danh sách","Tìm, lọc, kiểm tra lỗi","creator","matrix","launch"
"studio.content_entities.sprite_sets.detail","studio","content_entities","Bộ sprite — Chi tiết","Xem đầy đủ + nơi được tham chiếu","creator","matrix","launch"
"studio.content_entities.sprite_sets.editor","studio","content_entities","Bộ sprite — Soạn thảo","Form theo JSON Schema + xem trước","creator","matrix","launch"
"studio.content_entities.sprite_sets.history","studio","content_entities","Bộ sprite — Lịch sử","Phiên bản, diff, hoàn tác","creator","matrix","launch"
"studio.content_entities.sprite_sets.bulk","studio","content_entities","Bộ sprite — Hàng loạt","Nhập/xuất bảng tính, sửa nhiều","creator","matrix","launch"
"studio.content_entities.sprite_sets.promote","studio","content_entities","Bộ sprite — Đẩy môi trường","So sánh dev→staging→prod và đẩy","creator","matrix","launch"
"studio.content_entities.ui_themes.list","studio","content_entities","Chủ đề UI — Danh sách","Tìm, lọc, kiểm tra lỗi","creator","matrix","launch"
"studio.content_entities.ui_themes.detail","studio","content_entities","Chủ đề UI — Chi tiết","Xem đầy đủ + nơi được tham chiếu","creator","matrix","launch"
"studio.content_entities.ui_themes.editor","studio","content_entities","Chủ đề UI — Soạn thảo","Form theo JSON Schema + xem trước","creator","matrix","launch"
"studio.content_entities.ui_themes.history","studio","content_entities","Chủ đề UI — Lịch sử","Phiên bản, diff, hoàn tác","creator","matrix","launch"
"studio.content_entities.ui_themes.bulk","studio","content_entities","Chủ đề UI — Hàng loạt","Nhập/xuất bảng tính, sửa nhiều","creator","matrix","launch"
"studio.content_entities.ui_themes.promote","studio","content_entities","Chủ đề UI — Đẩy môi trường","So sánh dev→staging→prod và đẩy","creator","matrix","launch"
"studio.content_entities.game_modes.list","studio","content_entities","Chế độ chơi — Danh sách","Tìm, lọc, kiểm tra lỗi","creator","matrix","launch"
"studio.content_entities.game_modes.detail","studio","content_entities","Chế độ chơi — Chi tiết","Xem đầy đủ + nơi được tham chiếu","creator","matrix","launch"
"studio.content_entities.game_modes.editor","studio","content_entities","Chế độ chơi — Soạn thảo","Form theo JSON Schema + xem trước","creator","matrix","launch"
"studio.content_entities.game_modes.history","studio","content_entities","Chế độ chơi — Lịch sử","Phiên bản, diff, hoàn tác","creator","matrix","launch"
"studio.content_entities.game_modes.bulk","studio","content_entities","Chế độ chơi — Hàng loạt","Nhập/xuất bảng tính, sửa nhiều","creator","matrix","launch"
"studio.content_entities.game_modes.promote","studio","content_entities","Chế độ chơi — Đẩy môi trường","So sánh dev→staging→prod và đẩy","creator","matrix","launch"
"studio.expansion_content_entities.advanced_classes.list","studio","expansion_content_entities","Lớp nâng cao — Danh sách","Tìm, lọc, kiểm tra lỗi","creator","matrix","s1"
"studio.expansion_content_entities.advanced_classes.detail","studio","expansion_content_entities","Lớp nâng cao — Chi tiết","Xem đầy đủ + nơi được tham chiếu","creator","matrix","s1"
"studio.expansion_content_entities.advanced_classes.editor","studio","expansion_content_entities","Lớp nâng cao — Soạn thảo","Form theo JSON Schema + xem trước","creator","matrix","s1"
"studio.expansion_content_entities.advanced_classes.history","studio","expansion_content_entities","Lớp nâng cao — Lịch sử","Phiên bản, diff, hoàn tác","creator","matrix","s1"
"studio.expansion_content_entities.advanced_classes.bulk","studio","expansion_content_entities","Lớp nâng cao — Hàng loạt","Nhập/xuất bảng tính, sửa nhiều","creator","matrix","s1"
"studio.expansion_content_entities.advanced_classes.promote","studio","expansion_content_entities","Lớp nâng cao — Đẩy môi trường","So sánh dev→staging→prod và đẩy","creator","matrix","s1"
"studio.expansion_content_entities.talent_trees.list","studio","expansion_content_entities","Cây thiên phú — Danh sách","Tìm, lọc, kiểm tra lỗi","creator","matrix","s1"
"studio.expansion_content_entities.talent_trees.detail","studio","expansion_content_entities","Cây thiên phú — Chi tiết","Xem đầy đủ + nơi được tham chiếu","creator","matrix","s1"
"studio.expansion_content_entities.talent_trees.editor","studio","expansion_content_entities","Cây thiên phú — Soạn thảo","Form theo JSON Schema + xem trước","creator","matrix","s1"
"studio.expansion_content_entities.talent_trees.history","studio","expansion_content_entities","Cây thiên phú — Lịch sử","Phiên bản, diff, hoàn tác","creator","matrix","s1"
"studio.expansion_content_entities.talent_trees.bulk","studio","expansion_content_entities","Cây thiên phú — Hàng loạt","Nhập/xuất bảng tính, sửa nhiều","creator","matrix","s1"
"studio.expansion_content_entities.talent_trees.promote","studio","expansion_content_entities","Cây thiên phú — Đẩy môi trường","So sánh dev→staging→prod và đẩy","creator","matrix","s1"
"studio.expansion_content_entities.talent_nodes.list","studio","expansion_content_entities","Nút thiên phú — Danh sách","Tìm, lọc, kiểm tra lỗi","creator","matrix","s1"
"studio.expansion_content_entities.talent_nodes.detail","studio","expansion_content_entities","Nút thiên phú — Chi tiết","Xem đầy đủ + nơi được tham chiếu","creator","matrix","s1"
"studio.expansion_content_entities.talent_nodes.editor","studio","expansion_content_entities","Nút thiên phú — Soạn thảo","Form theo JSON Schema + xem trước","creator","matrix","s1"
"studio.expansion_content_entities.talent_nodes.history","studio","expansion_content_entities","Nút thiên phú — Lịch sử","Phiên bản, diff, hoàn tác","creator","matrix","s1"
"studio.expansion_content_entities.talent_nodes.bulk","studio","expansion_content_entities","Nút thiên phú — Hàng loạt","Nhập/xuất bảng tính, sửa nhiều","creator","matrix","s1"
"studio.expansion_content_entities.talent_nodes.promote","studio","expansion_content_entities","Nút thiên phú — Đẩy môi trường","So sánh dev→staging→prod và đẩy","creator","matrix","s1"
"studio.expansion_content_entities.festivals.list","studio","expansion_content_entities","Lễ hội — Danh sách","Tìm, lọc, kiểm tra lỗi","creator","matrix","s1"
"studio.expansion_content_entities.festivals.detail","studio","expansion_content_entities","Lễ hội — Chi tiết","Xem đầy đủ + nơi được tham chiếu","creator","matrix","s1"
"studio.expansion_content_entities.festivals.editor","studio","expansion_content_entities","Lễ hội — Soạn thảo","Form theo JSON Schema + xem trước","creator","matrix","s1"
"studio.expansion_content_entities.festivals.history","studio","expansion_content_entities","Lễ hội — Lịch sử","Phiên bản, diff, hoàn tác","creator","matrix","s1"
"studio.expansion_content_entities.festivals.bulk","studio","expansion_content_entities","Lễ hội — Hàng loạt","Nhập/xuất bảng tính, sửa nhiều","creator","matrix","s1"
"studio.expansion_content_entities.festivals.promote","studio","expansion_content_entities","Lễ hội — Đẩy môi trường","So sánh dev→staging→prod và đẩy","creator","matrix","s1"
"studio.expansion_content_entities.festival_activities.list","studio","expansion_content_entities","Hoạt động lễ hội — Danh sách","Tìm, lọc, kiểm tra lỗi","creator","matrix","s1"
"studio.expansion_content_entities.festival_activities.detail","studio","expansion_content_entities","Hoạt động lễ hội — Chi tiết","Xem đầy đủ + nơi được tham chiếu","creator","matrix","s1"
"studio.expansion_content_entities.festival_activities.editor","studio","expansion_content_entities","Hoạt động lễ hội — Soạn thảo","Form theo JSON Schema + xem trước","creator","matrix","s1"
"studio.expansion_content_entities.festival_activities.history","studio","expansion_content_entities","Hoạt động lễ hội — Lịch sử","Phiên bản, diff, hoàn tác","creator","matrix","s1"
"studio.expansion_content_entities.festival_activities.bulk","studio","expansion_content_entities","Hoạt động lễ hội — Hàng loạt","Nhập/xuất bảng tính, sửa nhiều","creator","matrix","s1"
"studio.expansion_content_entities.festival_activities.promote","studio","expansion_content_entities","Hoạt động lễ hội — Đẩy môi trường","So sánh dev→staging→prod và đẩy","creator","matrix","s1"
"studio.expansion_content_entities.minigames.list","studio","expansion_content_entities","Minigame — Danh sách","Tìm, lọc, kiểm tra lỗi","creator","matrix","s1"
"studio.expansion_content_entities.minigames.detail","studio","expansion_content_entities","Minigame — Chi tiết","Xem đầy đủ + nơi được tham chiếu","creator","matrix","s1"
"studio.expansion_content_entities.minigames.editor","studio","expansion_content_entities","Minigame — Soạn thảo","Form theo JSON Schema + xem trước","creator","matrix","s1"
"studio.expansion_content_entities.minigames.history","studio","expansion_content_entities","Minigame — Lịch sử","Phiên bản, diff, hoàn tác","creator","matrix","s1"
"studio.expansion_content_entities.minigames.bulk","studio","expansion_content_entities","Minigame — Hàng loạt","Nhập/xuất bảng tính, sửa nhiều","creator","matrix","s1"
"studio.expansion_content_entities.minigames.promote","studio","expansion_content_entities","Minigame — Đẩy môi trường","So sánh dev→staging→prod và đẩy","creator","matrix","s1"
"studio.expansion_content_entities.puzzles.list","studio","expansion_content_entities","Câu đố — Danh sách","Tìm, lọc, kiểm tra lỗi","creator","matrix","s1"
"studio.expansion_content_entities.puzzles.detail","studio","expansion_content_entities","Câu đố — Chi tiết","Xem đầy đủ + nơi được tham chiếu","creator","matrix","s1"
"studio.expansion_content_entities.puzzles.editor","studio","expansion_content_entities","Câu đố — Soạn thảo","Form theo JSON Schema + xem trước","creator","matrix","s1"
"studio.expansion_content_entities.puzzles.history","studio","expansion_content_entities","Câu đố — Lịch sử","Phiên bản, diff, hoàn tác","creator","matrix","s1"
"studio.expansion_content_entities.puzzles.bulk","studio","expansion_content_entities","Câu đố — Hàng loạt","Nhập/xuất bảng tính, sửa nhiều","creator","matrix","s1"
"studio.expansion_content_entities.puzzles.promote","studio","expansion_content_entities","Câu đố — Đẩy môi trường","So sánh dev→staging→prod và đẩy","creator","matrix","s1"
"studio.expansion_content_entities.puzzle_packs.list","studio","expansion_content_entities","Bộ câu đố — Danh sách","Tìm, lọc, kiểm tra lỗi","creator","matrix","s1"
"studio.expansion_content_entities.puzzle_packs.detail","studio","expansion_content_entities","Bộ câu đố — Chi tiết","Xem đầy đủ + nơi được tham chiếu","creator","matrix","s1"
"studio.expansion_content_entities.puzzle_packs.editor","studio","expansion_content_entities","Bộ câu đố — Soạn thảo","Form theo JSON Schema + xem trước","creator","matrix","s1"
"studio.expansion_content_entities.puzzle_packs.history","studio","expansion_content_entities","Bộ câu đố — Lịch sử","Phiên bản, diff, hoàn tác","creator","matrix","s1"
"studio.expansion_content_entities.puzzle_packs.bulk","studio","expansion_content_entities","Bộ câu đố — Hàng loạt","Nhập/xuất bảng tính, sửa nhiều","creator","matrix","s1"
"studio.expansion_content_entities.puzzle_packs.promote","studio","expansion_content_entities","Bộ câu đố — Đẩy môi trường","So sánh dev→staging→prod và đẩy","creator","matrix","s1"
"studio.expansion_content_entities.weather_patterns.list","studio","expansion_content_entities","Mẫu thời tiết — Danh sách","Tìm, lọc, kiểm tra lỗi","creator","matrix","s1"
"studio.expansion_content_entities.weather_patterns.detail","studio","expansion_content_entities","Mẫu thời tiết — Chi tiết","Xem đầy đủ + nơi được tham chiếu","creator","matrix","s1"
"studio.expansion_content_entities.weather_patterns.editor","studio","expansion_content_entities","Mẫu thời tiết — Soạn thảo","Form theo JSON Schema + xem trước","creator","matrix","s1"
"studio.expansion_content_entities.weather_patterns.history","studio","expansion_content_entities","Mẫu thời tiết — Lịch sử","Phiên bản, diff, hoàn tác","creator","matrix","s1"
"studio.expansion_content_entities.weather_patterns.bulk","studio","expansion_content_entities","Mẫu thời tiết — Hàng loạt","Nhập/xuất bảng tính, sửa nhiều","creator","matrix","s1"
"studio.expansion_content_entities.weather_patterns.promote","studio","expansion_content_entities","Mẫu thời tiết — Đẩy môi trường","So sánh dev→staging→prod và đẩy","creator","matrix","s1"
"studio.expansion_content_entities.seasons.list","studio","expansion_content_entities","Mùa — Danh sách","Tìm, lọc, kiểm tra lỗi","creator","matrix","s1"
"studio.expansion_content_entities.seasons.detail","studio","expansion_content_entities","Mùa — Chi tiết","Xem đầy đủ + nơi được tham chiếu","creator","matrix","s1"
"studio.expansion_content_entities.seasons.editor","studio","expansion_content_entities","Mùa — Soạn thảo","Form theo JSON Schema + xem trước","creator","matrix","s1"
"studio.expansion_content_entities.seasons.history","studio","expansion_content_entities","Mùa — Lịch sử","Phiên bản, diff, hoàn tác","creator","matrix","s1"
"studio.expansion_content_entities.seasons.bulk","studio","expansion_content_entities","Mùa — Hàng loạt","Nhập/xuất bảng tính, sửa nhiều","creator","matrix","s1"
"studio.expansion_content_entities.seasons.promote","studio","expansion_content_entities","Mùa — Đẩy môi trường","So sánh dev→staging→prod và đẩy","creator","matrix","s1"
"studio.expansion_content_entities.research_entries.list","studio","expansion_content_entities","Mục nghiên cứu — Danh sách","Tìm, lọc, kiểm tra lỗi","creator","matrix","s1"
"studio.expansion_content_entities.research_entries.detail","studio","expansion_content_entities","Mục nghiên cứu — Chi tiết","Xem đầy đủ + nơi được tham chiếu","creator","matrix","s1"
"studio.expansion_content_entities.research_entries.editor","studio","expansion_content_entities","Mục nghiên cứu — Soạn thảo","Form theo JSON Schema + xem trước","creator","matrix","s1"
"studio.expansion_content_entities.research_entries.history","studio","expansion_content_entities","Mục nghiên cứu — Lịch sử","Phiên bản, diff, hoàn tác","creator","matrix","s1"
"studio.expansion_content_entities.research_entries.bulk","studio","expansion_content_entities","Mục nghiên cứu — Hàng loạt","Nhập/xuất bảng tính, sửa nhiều","creator","matrix","s1"
"studio.expansion_content_entities.research_entries.promote","studio","expansion_content_entities","Mục nghiên cứu — Đẩy môi trường","So sánh dev→staging→prod và đẩy","creator","matrix","s1"
"studio.expansion_content_entities.wardrobe_items.list","studio","expansion_content_entities","Trang phục — Danh sách","Tìm, lọc, kiểm tra lỗi","creator","matrix","s1"
"studio.expansion_content_entities.wardrobe_items.detail","studio","expansion_content_entities","Trang phục — Chi tiết","Xem đầy đủ + nơi được tham chiếu","creator","matrix","s1"
"studio.expansion_content_entities.wardrobe_items.editor","studio","expansion_content_entities","Trang phục — Soạn thảo","Form theo JSON Schema + xem trước","creator","matrix","s1"
"studio.expansion_content_entities.wardrobe_items.history","studio","expansion_content_entities","Trang phục — Lịch sử","Phiên bản, diff, hoàn tác","creator","matrix","s1"
"studio.expansion_content_entities.wardrobe_items.bulk","studio","expansion_content_entities","Trang phục — Hàng loạt","Nhập/xuất bảng tính, sửa nhiều","creator","matrix","s1"
"studio.expansion_content_entities.wardrobe_items.promote","studio","expansion_content_entities","Trang phục — Đẩy môi trường","So sánh dev→staging→prod và đẩy","creator","matrix","s1"
"studio.expansion_content_entities.dyes.list","studio","expansion_content_entities","Màu nhuộm — Danh sách","Tìm, lọc, kiểm tra lỗi","creator","matrix","s1"
"studio.expansion_content_entities.dyes.detail","studio","expansion_content_entities","Màu nhuộm — Chi tiết","Xem đầy đủ + nơi được tham chiếu","creator","matrix","s1"
"studio.expansion_content_entities.dyes.editor","studio","expansion_content_entities","Màu nhuộm — Soạn thảo","Form theo JSON Schema + xem trước","creator","matrix","s1"
"studio.expansion_content_entities.dyes.history","studio","expansion_content_entities","Màu nhuộm — Lịch sử","Phiên bản, diff, hoàn tác","creator","matrix","s1"
"studio.expansion_content_entities.dyes.bulk","studio","expansion_content_entities","Màu nhuộm — Hàng loạt","Nhập/xuất bảng tính, sửa nhiều","creator","matrix","s1"
"studio.expansion_content_entities.dyes.promote","studio","expansion_content_entities","Màu nhuộm — Đẩy môi trường","So sánh dev→staging→prod và đẩy","creator","matrix","s1"
"studio.expansion_content_entities.emotes.list","studio","expansion_content_entities","Biểu cảm — Danh sách","Tìm, lọc, kiểm tra lỗi","creator","matrix","s1"
"studio.expansion_content_entities.emotes.detail","studio","expansion_content_entities","Biểu cảm — Chi tiết","Xem đầy đủ + nơi được tham chiếu","creator","matrix","s1"
"studio.expansion_content_entities.emotes.editor","studio","expansion_content_entities","Biểu cảm — Soạn thảo","Form theo JSON Schema + xem trước","creator","matrix","s1"
"studio.expansion_content_entities.emotes.history","studio","expansion_content_entities","Biểu cảm — Lịch sử","Phiên bản, diff, hoàn tác","creator","matrix","s1"
"studio.expansion_content_entities.emotes.bulk","studio","expansion_content_entities","Biểu cảm — Hàng loạt","Nhập/xuất bảng tính, sửa nhiều","creator","matrix","s1"
"studio.expansion_content_entities.emotes.promote","studio","expansion_content_entities","Biểu cảm — Đẩy môi trường","So sánh dev→staging→prod và đẩy","creator","matrix","s1"
"studio.expansion_content_entities.voice_packs.list","studio","expansion_content_entities","Gói giọng — Danh sách","Tìm, lọc, kiểm tra lỗi","creator","matrix","s1"
"studio.expansion_content_entities.voice_packs.detail","studio","expansion_content_entities","Gói giọng — Chi tiết","Xem đầy đủ + nơi được tham chiếu","creator","matrix","s1"
"studio.expansion_content_entities.voice_packs.editor","studio","expansion_content_entities","Gói giọng — Soạn thảo","Form theo JSON Schema + xem trước","creator","matrix","s1"
"studio.expansion_content_entities.voice_packs.history","studio","expansion_content_entities","Gói giọng — Lịch sử","Phiên bản, diff, hoàn tác","creator","matrix","s1"
"studio.expansion_content_entities.voice_packs.bulk","studio","expansion_content_entities","Gói giọng — Hàng loạt","Nhập/xuất bảng tính, sửa nhiều","creator","matrix","s1"
"studio.expansion_content_entities.voice_packs.promote","studio","expansion_content_entities","Gói giọng — Đẩy môi trường","So sánh dev→staging→prod và đẩy","creator","matrix","s1"
"studio.expansion_content_entities.museum_props.list","studio","expansion_content_entities","Đạo cụ diorama — Danh sách","Tìm, lọc, kiểm tra lỗi","creator","matrix","s1"
"studio.expansion_content_entities.museum_props.detail","studio","expansion_content_entities","Đạo cụ diorama — Chi tiết","Xem đầy đủ + nơi được tham chiếu","creator","matrix","s1"
"studio.expansion_content_entities.museum_props.editor","studio","expansion_content_entities","Đạo cụ diorama — Soạn thảo","Form theo JSON Schema + xem trước","creator","matrix","s1"
"studio.expansion_content_entities.museum_props.history","studio","expansion_content_entities","Đạo cụ diorama — Lịch sử","Phiên bản, diff, hoàn tác","creator","matrix","s1"
"studio.expansion_content_entities.museum_props.bulk","studio","expansion_content_entities","Đạo cụ diorama — Hàng loạt","Nhập/xuất bảng tính, sửa nhiều","creator","matrix","s1"
"studio.expansion_content_entities.museum_props.promote","studio","expansion_content_entities","Đạo cụ diorama — Đẩy môi trường","So sánh dev→staging→prod và đẩy","creator","matrix","s1"
"studio.expansion_content_entities.treasure_routes.list","studio","expansion_content_entities","Tuyến kho báu — Danh sách","Tìm, lọc, kiểm tra lỗi","creator","matrix","s1"
"studio.expansion_content_entities.treasure_routes.detail","studio","expansion_content_entities","Tuyến kho báu — Chi tiết","Xem đầy đủ + nơi được tham chiếu","creator","matrix","s1"
"studio.expansion_content_entities.treasure_routes.editor","studio","expansion_content_entities","Tuyến kho báu — Soạn thảo","Form theo JSON Schema + xem trước","creator","matrix","s1"
"studio.expansion_content_entities.treasure_routes.history","studio","expansion_content_entities","Tuyến kho báu — Lịch sử","Phiên bản, diff, hoàn tác","creator","matrix","s1"
"studio.expansion_content_entities.treasure_routes.bulk","studio","expansion_content_entities","Tuyến kho báu — Hàng loạt","Nhập/xuất bảng tính, sửa nhiều","creator","matrix","s1"
"studio.expansion_content_entities.treasure_routes.promote","studio","expansion_content_entities","Tuyến kho báu — Đẩy môi trường","So sánh dev→staging→prod và đẩy","creator","matrix","s1"
"studio.expansion_content_entities.bard_templates.list","studio","expansion_content_entities","Mẫu Bard — Danh sách","Tìm, lọc, kiểm tra lỗi","creator","matrix","s1"
"studio.expansion_content_entities.bard_templates.detail","studio","expansion_content_entities","Mẫu Bard — Chi tiết","Xem đầy đủ + nơi được tham chiếu","creator","matrix","s1"
"studio.expansion_content_entities.bard_templates.editor","studio","expansion_content_entities","Mẫu Bard — Soạn thảo","Form theo JSON Schema + xem trước","creator","matrix","s1"
"studio.expansion_content_entities.bard_templates.history","studio","expansion_content_entities","Mẫu Bard — Lịch sử","Phiên bản, diff, hoàn tác","creator","matrix","s1"
"studio.expansion_content_entities.bard_templates.bulk","studio","expansion_content_entities","Mẫu Bard — Hàng loạt","Nhập/xuất bảng tính, sửa nhiều","creator","matrix","s1"
"studio.expansion_content_entities.bard_templates.promote","studio","expansion_content_entities","Mẫu Bard — Đẩy môi trường","So sánh dev→staging→prod và đẩy","creator","matrix","s1"
"studio.expansion_content_entities.story_votes.list","studio","expansion_content_entities","Bỏ phiếu cốt truyện — Danh sách","Tìm, lọc, kiểm tra lỗi","creator","matrix","s1"
"studio.expansion_content_entities.story_votes.detail","studio","expansion_content_entities","Bỏ phiếu cốt truyện — Chi tiết","Xem đầy đủ + nơi được tham chiếu","creator","matrix","s1"
"studio.expansion_content_entities.story_votes.editor","studio","expansion_content_entities","Bỏ phiếu cốt truyện — Soạn thảo","Form theo JSON Schema + xem trước","creator","matrix","s1"
"studio.expansion_content_entities.story_votes.history","studio","expansion_content_entities","Bỏ phiếu cốt truyện — Lịch sử","Phiên bản, diff, hoàn tác","creator","matrix","s1"
"studio.expansion_content_entities.story_votes.bulk","studio","expansion_content_entities","Bỏ phiếu cốt truyện — Hàng loạt","Nhập/xuất bảng tính, sửa nhiều","creator","matrix","s1"
"studio.expansion_content_entities.story_votes.promote","studio","expansion_content_entities","Bỏ phiếu cốt truyện — Đẩy môi trường","So sánh dev→staging→prod và đẩy","creator","matrix","s1"
"studio.expansion_content_entities.world_goals.list","studio","expansion_content_entities","Mục tiêu thế giới — Danh sách","Tìm, lọc, kiểm tra lỗi","creator","matrix","s1"
"studio.expansion_content_entities.world_goals.detail","studio","expansion_content_entities","Mục tiêu thế giới — Chi tiết","Xem đầy đủ + nơi được tham chiếu","creator","matrix","s1"
"studio.expansion_content_entities.world_goals.editor","studio","expansion_content_entities","Mục tiêu thế giới — Soạn thảo","Form theo JSON Schema + xem trước","creator","matrix","s1"
"studio.expansion_content_entities.world_goals.history","studio","expansion_content_entities","Mục tiêu thế giới — Lịch sử","Phiên bản, diff, hoàn tác","creator","matrix","s1"
"studio.expansion_content_entities.world_goals.bulk","studio","expansion_content_entities","Mục tiêu thế giới — Hàng loạt","Nhập/xuất bảng tính, sửa nhiều","creator","matrix","s1"
"studio.expansion_content_entities.world_goals.promote","studio","expansion_content_entities","Mục tiêu thế giới — Đẩy môi trường","So sánh dev→staging→prod và đẩy","creator","matrix","s1"
"studio.expansion_content_entities.echo_glyphs.list","studio","expansion_content_entities","Dấu ấn — Danh sách","Tìm, lọc, kiểm tra lỗi","creator","matrix","s1"
"studio.expansion_content_entities.echo_glyphs.detail","studio","expansion_content_entities","Dấu ấn — Chi tiết","Xem đầy đủ + nơi được tham chiếu","creator","matrix","s1"
"studio.expansion_content_entities.echo_glyphs.editor","studio","expansion_content_entities","Dấu ấn — Soạn thảo","Form theo JSON Schema + xem trước","creator","matrix","s1"
"studio.expansion_content_entities.echo_glyphs.history","studio","expansion_content_entities","Dấu ấn — Lịch sử","Phiên bản, diff, hoàn tác","creator","matrix","s1"
"studio.expansion_content_entities.echo_glyphs.bulk","studio","expansion_content_entities","Dấu ấn — Hàng loạt","Nhập/xuất bảng tính, sửa nhiều","creator","matrix","s1"
"studio.expansion_content_entities.echo_glyphs.promote","studio","expansion_content_entities","Dấu ấn — Đẩy môi trường","So sánh dev→staging→prod và đẩy","creator","matrix","s1"
"studio.expansion_content_entities.highlight_rules.list","studio","expansion_content_entities","Luật highlight — Danh sách","Tìm, lọc, kiểm tra lỗi","creator","matrix","s1"
"studio.expansion_content_entities.highlight_rules.detail","studio","expansion_content_entities","Luật highlight — Chi tiết","Xem đầy đủ + nơi được tham chiếu","creator","matrix","s1"
"studio.expansion_content_entities.highlight_rules.editor","studio","expansion_content_entities","Luật highlight — Soạn thảo","Form theo JSON Schema + xem trước","creator","matrix","s1"
"studio.expansion_content_entities.highlight_rules.history","studio","expansion_content_entities","Luật highlight — Lịch sử","Phiên bản, diff, hoàn tác","creator","matrix","s1"
"studio.expansion_content_entities.highlight_rules.bulk","studio","expansion_content_entities","Luật highlight — Hàng loạt","Nhập/xuất bảng tính, sửa nhiều","creator","matrix","s1"
"studio.expansion_content_entities.highlight_rules.promote","studio","expansion_content_entities","Luật highlight — Đẩy môi trường","So sánh dev→staging→prod và đẩy","creator","matrix","s1"
"studio.expansion_content_entities.rift_templates.list","studio","expansion_content_entities","Mẫu Vết Nứt — Danh sách","Tìm, lọc, kiểm tra lỗi","creator","matrix","s1"
"studio.expansion_content_entities.rift_templates.detail","studio","expansion_content_entities","Mẫu Vết Nứt — Chi tiết","Xem đầy đủ + nơi được tham chiếu","creator","matrix","s1"
"studio.expansion_content_entities.rift_templates.editor","studio","expansion_content_entities","Mẫu Vết Nứt — Soạn thảo","Form theo JSON Schema + xem trước","creator","matrix","s1"
"studio.expansion_content_entities.rift_templates.history","studio","expansion_content_entities","Mẫu Vết Nứt — Lịch sử","Phiên bản, diff, hoàn tác","creator","matrix","s1"
"studio.expansion_content_entities.rift_templates.bulk","studio","expansion_content_entities","Mẫu Vết Nứt — Hàng loạt","Nhập/xuất bảng tính, sửa nhiều","creator","matrix","s1"
"studio.expansion_content_entities.rift_templates.promote","studio","expansion_content_entities","Mẫu Vết Nứt — Đẩy môi trường","So sánh dev→staging→prod và đẩy","creator","matrix","s1"
"studio.expansion_content_entities.rift_modifiers.list","studio","expansion_content_entities","Biến đổi Vết Nứt — Danh sách","Tìm, lọc, kiểm tra lỗi","creator","matrix","s1"
"studio.expansion_content_entities.rift_modifiers.detail","studio","expansion_content_entities","Biến đổi Vết Nứt — Chi tiết","Xem đầy đủ + nơi được tham chiếu","creator","matrix","s1"
"studio.expansion_content_entities.rift_modifiers.editor","studio","expansion_content_entities","Biến đổi Vết Nứt — Soạn thảo","Form theo JSON Schema + xem trước","creator","matrix","s1"
"studio.expansion_content_entities.rift_modifiers.history","studio","expansion_content_entities","Biến đổi Vết Nứt — Lịch sử","Phiên bản, diff, hoàn tác","creator","matrix","s1"
"studio.expansion_content_entities.rift_modifiers.bulk","studio","expansion_content_entities","Biến đổi Vết Nứt — Hàng loạt","Nhập/xuất bảng tính, sửa nhiều","creator","matrix","s1"
"studio.expansion_content_entities.rift_modifiers.promote","studio","expansion_content_entities","Biến đổi Vết Nứt — Đẩy môi trường","So sánh dev→staging→prod và đẩy","creator","matrix","s1"
"studio.expansion_content_entities.dream_dungeons.list","studio","expansion_content_entities","Hầm ngục giấc mơ — Danh sách","Tìm, lọc, kiểm tra lỗi","creator","matrix","s1"
"studio.expansion_content_entities.dream_dungeons.detail","studio","expansion_content_entities","Hầm ngục giấc mơ — Chi tiết","Xem đầy đủ + nơi được tham chiếu","creator","matrix","s1"
"studio.expansion_content_entities.dream_dungeons.editor","studio","expansion_content_entities","Hầm ngục giấc mơ — Soạn thảo","Form theo JSON Schema + xem trước","creator","matrix","s1"
"studio.expansion_content_entities.dream_dungeons.history","studio","expansion_content_entities","Hầm ngục giấc mơ — Lịch sử","Phiên bản, diff, hoàn tác","creator","matrix","s1"
"studio.expansion_content_entities.dream_dungeons.bulk","studio","expansion_content_entities","Hầm ngục giấc mơ — Hàng loạt","Nhập/xuất bảng tính, sửa nhiều","creator","matrix","s1"
"studio.expansion_content_entities.dream_dungeons.promote","studio","expansion_content_entities","Hầm ngục giấc mơ — Đẩy môi trường","So sánh dev→staging→prod và đẩy","creator","matrix","s1"
"studio.expansion_content_entities.soul_cards.list","studio","expansion_content_entities","Thẻ linh hồn — Danh sách","Tìm, lọc, kiểm tra lỗi","creator","matrix","s1"
"studio.expansion_content_entities.soul_cards.detail","studio","expansion_content_entities","Thẻ linh hồn — Chi tiết","Xem đầy đủ + nơi được tham chiếu","creator","matrix","s1"
"studio.expansion_content_entities.soul_cards.editor","studio","expansion_content_entities","Thẻ linh hồn — Soạn thảo","Form theo JSON Schema + xem trước","creator","matrix","s1"
"studio.expansion_content_entities.soul_cards.history","studio","expansion_content_entities","Thẻ linh hồn — Lịch sử","Phiên bản, diff, hoàn tác","creator","matrix","s1"
"studio.expansion_content_entities.soul_cards.bulk","studio","expansion_content_entities","Thẻ linh hồn — Hàng loạt","Nhập/xuất bảng tính, sửa nhiều","creator","matrix","s1"
"studio.expansion_content_entities.soul_cards.promote","studio","expansion_content_entities","Thẻ linh hồn — Đẩy môi trường","So sánh dev→staging→prod và đẩy","creator","matrix","s1"
"studio.expansion_content_entities.card_keywords.list","studio","expansion_content_entities","Từ khóa thẻ — Danh sách","Tìm, lọc, kiểm tra lỗi","creator","matrix","s1"
"studio.expansion_content_entities.card_keywords.detail","studio","expansion_content_entities","Từ khóa thẻ — Chi tiết","Xem đầy đủ + nơi được tham chiếu","creator","matrix","s1"
"studio.expansion_content_entities.card_keywords.editor","studio","expansion_content_entities","Từ khóa thẻ — Soạn thảo","Form theo JSON Schema + xem trước","creator","matrix","s1"
"studio.expansion_content_entities.card_keywords.history","studio","expansion_content_entities","Từ khóa thẻ — Lịch sử","Phiên bản, diff, hoàn tác","creator","matrix","s1"
"studio.expansion_content_entities.card_keywords.bulk","studio","expansion_content_entities","Từ khóa thẻ — Hàng loạt","Nhập/xuất bảng tính, sửa nhiều","creator","matrix","s1"
"studio.expansion_content_entities.card_keywords.promote","studio","expansion_content_entities","Từ khóa thẻ — Đẩy môi trường","So sánh dev→staging→prod và đẩy","creator","matrix","s1"
"studio.expansion_content_entities.starter_decks.list","studio","expansion_content_entities","Bộ bài khởi đầu — Danh sách","Tìm, lọc, kiểm tra lỗi","creator","matrix","s1"
"studio.expansion_content_entities.starter_decks.detail","studio","expansion_content_entities","Bộ bài khởi đầu — Chi tiết","Xem đầy đủ + nơi được tham chiếu","creator","matrix","s1"
"studio.expansion_content_entities.starter_decks.editor","studio","expansion_content_entities","Bộ bài khởi đầu — Soạn thảo","Form theo JSON Schema + xem trước","creator","matrix","s1"
"studio.expansion_content_entities.starter_decks.history","studio","expansion_content_entities","Bộ bài khởi đầu — Lịch sử","Phiên bản, diff, hoàn tác","creator","matrix","s1"
"studio.expansion_content_entities.starter_decks.bulk","studio","expansion_content_entities","Bộ bài khởi đầu — Hàng loạt","Nhập/xuất bảng tính, sửa nhiều","creator","matrix","s1"
"studio.expansion_content_entities.starter_decks.promote","studio","expansion_content_entities","Bộ bài khởi đầu — Đẩy môi trường","So sánh dev→staging→prod và đẩy","creator","matrix","s1"
"studio.expansion_content_entities.challenge_modifiers.list","studio","expansion_content_entities","Luật thử thách — Danh sách","Tìm, lọc, kiểm tra lỗi","creator","matrix","s1"
"studio.expansion_content_entities.challenge_modifiers.detail","studio","expansion_content_entities","Luật thử thách — Chi tiết","Xem đầy đủ + nơi được tham chiếu","creator","matrix","s1"
"studio.expansion_content_entities.challenge_modifiers.editor","studio","expansion_content_entities","Luật thử thách — Soạn thảo","Form theo JSON Schema + xem trước","creator","matrix","s1"
"studio.expansion_content_entities.challenge_modifiers.history","studio","expansion_content_entities","Luật thử thách — Lịch sử","Phiên bản, diff, hoàn tác","creator","matrix","s1"
"studio.expansion_content_entities.challenge_modifiers.bulk","studio","expansion_content_entities","Luật thử thách — Hàng loạt","Nhập/xuất bảng tính, sửa nhiều","creator","matrix","s1"
"studio.expansion_content_entities.challenge_modifiers.promote","studio","expansion_content_entities","Luật thử thách — Đẩy môi trường","So sánh dev→staging→prod và đẩy","creator","matrix","s1"
"studio.expansion_content_entities.speedrun_categories.list","studio","expansion_content_entities","Hạng mục speedrun — Danh sách","Tìm, lọc, kiểm tra lỗi","creator","matrix","s1"
"studio.expansion_content_entities.speedrun_categories.detail","studio","expansion_content_entities","Hạng mục speedrun — Chi tiết","Xem đầy đủ + nơi được tham chiếu","creator","matrix","s1"
"studio.expansion_content_entities.speedrun_categories.editor","studio","expansion_content_entities","Hạng mục speedrun — Soạn thảo","Form theo JSON Schema + xem trước","creator","matrix","s1"
"studio.expansion_content_entities.speedrun_categories.history","studio","expansion_content_entities","Hạng mục speedrun — Lịch sử","Phiên bản, diff, hoàn tác","creator","matrix","s1"
"studio.expansion_content_entities.speedrun_categories.bulk","studio","expansion_content_entities","Hạng mục speedrun — Hàng loạt","Nhập/xuất bảng tính, sửa nhiều","creator","matrix","s1"
"studio.expansion_content_entities.speedrun_categories.promote","studio","expansion_content_entities","Hạng mục speedrun — Đẩy môi trường","So sánh dev→staging→prod và đẩy","creator","matrix","s1"
"studio.expansion_content_entities.relics.list","studio","expansion_content_entities","Di vật — Danh sách","Tìm, lọc, kiểm tra lỗi","creator","matrix","s1"
"studio.expansion_content_entities.relics.detail","studio","expansion_content_entities","Di vật — Chi tiết","Xem đầy đủ + nơi được tham chiếu","creator","matrix","s1"
"studio.expansion_content_entities.relics.editor","studio","expansion_content_entities","Di vật — Soạn thảo","Form theo JSON Schema + xem trước","creator","matrix","s1"
"studio.expansion_content_entities.relics.history","studio","expansion_content_entities","Di vật — Lịch sử","Phiên bản, diff, hoàn tác","creator","matrix","s1"
"studio.expansion_content_entities.relics.bulk","studio","expansion_content_entities","Di vật — Hàng loạt","Nhập/xuất bảng tính, sửa nhiều","creator","matrix","s1"
"studio.expansion_content_entities.relics.promote","studio","expansion_content_entities","Di vật — Đẩy môi trường","So sánh dev→staging→prod và đẩy","creator","matrix","s1"
"studio.expansion_content_entities.artifact_shards.list","studio","expansion_content_entities","Mảnh cổ vật — Danh sách","Tìm, lọc, kiểm tra lỗi","creator","matrix","s1"
"studio.expansion_content_entities.artifact_shards.detail","studio","expansion_content_entities","Mảnh cổ vật — Chi tiết","Xem đầy đủ + nơi được tham chiếu","creator","matrix","s1"
"studio.expansion_content_entities.artifact_shards.editor","studio","expansion_content_entities","Mảnh cổ vật — Soạn thảo","Form theo JSON Schema + xem trước","creator","matrix","s1"
"studio.expansion_content_entities.artifact_shards.history","studio","expansion_content_entities","Mảnh cổ vật — Lịch sử","Phiên bản, diff, hoàn tác","creator","matrix","s1"
"studio.expansion_content_entities.artifact_shards.bulk","studio","expansion_content_entities","Mảnh cổ vật — Hàng loạt","Nhập/xuất bảng tính, sửa nhiều","creator","matrix","s1"
"studio.expansion_content_entities.artifact_shards.promote","studio","expansion_content_entities","Mảnh cổ vật — Đẩy môi trường","So sánh dev→staging→prod và đẩy","creator","matrix","s1"
"studio.expansion_content_entities.endings.list","studio","expansion_content_entities","Kết thúc — Danh sách","Tìm, lọc, kiểm tra lỗi","creator","matrix","s1"
"studio.expansion_content_entities.endings.detail","studio","expansion_content_entities","Kết thúc — Chi tiết","Xem đầy đủ + nơi được tham chiếu","creator","matrix","s1"
"studio.expansion_content_entities.endings.editor","studio","expansion_content_entities","Kết thúc — Soạn thảo","Form theo JSON Schema + xem trước","creator","matrix","s1"
"studio.expansion_content_entities.endings.history","studio","expansion_content_entities","Kết thúc — Lịch sử","Phiên bản, diff, hoàn tác","creator","matrix","s1"
"studio.expansion_content_entities.endings.bulk","studio","expansion_content_entities","Kết thúc — Hàng loạt","Nhập/xuất bảng tính, sửa nhiều","creator","matrix","s1"
"studio.expansion_content_entities.endings.promote","studio","expansion_content_entities","Kết thúc — Đẩy môi trường","So sánh dev→staging→prod và đẩy","creator","matrix","s1"
"studio.expansion_content_entities.caravan_routes.list","studio","expansion_content_entities","Tuyến buôn — Danh sách","Tìm, lọc, kiểm tra lỗi","creator","matrix","s1"
"studio.expansion_content_entities.caravan_routes.detail","studio","expansion_content_entities","Tuyến buôn — Chi tiết","Xem đầy đủ + nơi được tham chiếu","creator","matrix","s1"
"studio.expansion_content_entities.caravan_routes.editor","studio","expansion_content_entities","Tuyến buôn — Soạn thảo","Form theo JSON Schema + xem trước","creator","matrix","s1"
"studio.expansion_content_entities.caravan_routes.history","studio","expansion_content_entities","Tuyến buôn — Lịch sử","Phiên bản, diff, hoàn tác","creator","matrix","s1"
"studio.expansion_content_entities.caravan_routes.bulk","studio","expansion_content_entities","Tuyến buôn — Hàng loạt","Nhập/xuất bảng tính, sửa nhiều","creator","matrix","s1"
"studio.expansion_content_entities.caravan_routes.promote","studio","expansion_content_entities","Tuyến buôn — Đẩy môi trường","So sánh dev→staging→prod và đẩy","creator","matrix","s1"
"studio.expansion_content_entities.trade_goods.list","studio","expansion_content_entities","Hàng buôn — Danh sách","Tìm, lọc, kiểm tra lỗi","creator","matrix","s1"
"studio.expansion_content_entities.trade_goods.detail","studio","expansion_content_entities","Hàng buôn — Chi tiết","Xem đầy đủ + nơi được tham chiếu","creator","matrix","s1"
"studio.expansion_content_entities.trade_goods.editor","studio","expansion_content_entities","Hàng buôn — Soạn thảo","Form theo JSON Schema + xem trước","creator","matrix","s1"
"studio.expansion_content_entities.trade_goods.history","studio","expansion_content_entities","Hàng buôn — Lịch sử","Phiên bản, diff, hoàn tác","creator","matrix","s1"
"studio.expansion_content_entities.trade_goods.bulk","studio","expansion_content_entities","Hàng buôn — Hàng loạt","Nhập/xuất bảng tính, sửa nhiều","creator","matrix","s1"
"studio.expansion_content_entities.trade_goods.promote","studio","expansion_content_entities","Hàng buôn — Đẩy môi trường","So sánh dev→staging→prod và đẩy","creator","matrix","s1"
"studio.expansion_content_entities.professions.list","studio","expansion_content_entities","Nghề — Danh sách","Tìm, lọc, kiểm tra lỗi","creator","matrix","s1"
"studio.expansion_content_entities.professions.detail","studio","expansion_content_entities","Nghề — Chi tiết","Xem đầy đủ + nơi được tham chiếu","creator","matrix","s1"
"studio.expansion_content_entities.professions.editor","studio","expansion_content_entities","Nghề — Soạn thảo","Form theo JSON Schema + xem trước","creator","matrix","s1"
"studio.expansion_content_entities.professions.history","studio","expansion_content_entities","Nghề — Lịch sử","Phiên bản, diff, hoàn tác","creator","matrix","s1"
"studio.expansion_content_entities.professions.bulk","studio","expansion_content_entities","Nghề — Hàng loạt","Nhập/xuất bảng tính, sửa nhiều","creator","matrix","s1"
"studio.expansion_content_entities.professions.promote","studio","expansion_content_entities","Nghề — Đẩy môi trường","So sánh dev→staging→prod và đẩy","creator","matrix","s1"
"studio.expansion_content_entities.profession_recipes.list","studio","expansion_content_entities","Công thức nghề — Danh sách","Tìm, lọc, kiểm tra lỗi","creator","matrix","s1"
"studio.expansion_content_entities.profession_recipes.detail","studio","expansion_content_entities","Công thức nghề — Chi tiết","Xem đầy đủ + nơi được tham chiếu","creator","matrix","s1"
"studio.expansion_content_entities.profession_recipes.editor","studio","expansion_content_entities","Công thức nghề — Soạn thảo","Form theo JSON Schema + xem trước","creator","matrix","s1"
"studio.expansion_content_entities.profession_recipes.history","studio","expansion_content_entities","Công thức nghề — Lịch sử","Phiên bản, diff, hoàn tác","creator","matrix","s1"
"studio.expansion_content_entities.profession_recipes.bulk","studio","expansion_content_entities","Công thức nghề — Hàng loạt","Nhập/xuất bảng tính, sửa nhiều","creator","matrix","s1"
"studio.expansion_content_entities.profession_recipes.promote","studio","expansion_content_entities","Công thức nghề — Đẩy môi trường","So sánh dev→staging→prod và đẩy","creator","matrix","s1"
"studio.expansion_content_entities.raid_bosses.list","studio","expansion_content_entities","Boss raid — Danh sách","Tìm, lọc, kiểm tra lỗi","creator","matrix","s1"
"studio.expansion_content_entities.raid_bosses.detail","studio","expansion_content_entities","Boss raid — Chi tiết","Xem đầy đủ + nơi được tham chiếu","creator","matrix","s1"
"studio.expansion_content_entities.raid_bosses.editor","studio","expansion_content_entities","Boss raid — Soạn thảo","Form theo JSON Schema + xem trước","creator","matrix","s1"
"studio.expansion_content_entities.raid_bosses.history","studio","expansion_content_entities","Boss raid — Lịch sử","Phiên bản, diff, hoàn tác","creator","matrix","s1"
"studio.expansion_content_entities.raid_bosses.bulk","studio","expansion_content_entities","Boss raid — Hàng loạt","Nhập/xuất bảng tính, sửa nhiều","creator","matrix","s1"
"studio.expansion_content_entities.raid_bosses.promote","studio","expansion_content_entities","Boss raid — Đẩy môi trường","So sánh dev→staging→prod và đẩy","creator","matrix","s1"
"studio.expansion_content_entities.guild_hall_props.list","studio","expansion_content_entities","Đạo cụ sảnh bang — Danh sách","Tìm, lọc, kiểm tra lỗi","creator","matrix","s1"
"studio.expansion_content_entities.guild_hall_props.detail","studio","expansion_content_entities","Đạo cụ sảnh bang — Chi tiết","Xem đầy đủ + nơi được tham chiếu","creator","matrix","s1"
"studio.expansion_content_entities.guild_hall_props.editor","studio","expansion_content_entities","Đạo cụ sảnh bang — Soạn thảo","Form theo JSON Schema + xem trước","creator","matrix","s1"
"studio.expansion_content_entities.guild_hall_props.history","studio","expansion_content_entities","Đạo cụ sảnh bang — Lịch sử","Phiên bản, diff, hoàn tác","creator","matrix","s1"
"studio.expansion_content_entities.guild_hall_props.bulk","studio","expansion_content_entities","Đạo cụ sảnh bang — Hàng loạt","Nhập/xuất bảng tính, sửa nhiều","creator","matrix","s1"
"studio.expansion_content_entities.guild_hall_props.promote","studio","expansion_content_entities","Đạo cụ sảnh bang — Đẩy môi trường","So sánh dev→staging→prod và đẩy","creator","matrix","s1"
"studio.expansion_content_entities.mounts.list","studio","expansion_content_entities","Thú cưỡi — Danh sách","Tìm, lọc, kiểm tra lỗi","creator","matrix","s1"
"studio.expansion_content_entities.mounts.detail","studio","expansion_content_entities","Thú cưỡi — Chi tiết","Xem đầy đủ + nơi được tham chiếu","creator","matrix","s1"
"studio.expansion_content_entities.mounts.editor","studio","expansion_content_entities","Thú cưỡi — Soạn thảo","Form theo JSON Schema + xem trước","creator","matrix","s1"
"studio.expansion_content_entities.mounts.history","studio","expansion_content_entities","Thú cưỡi — Lịch sử","Phiên bản, diff, hoàn tác","creator","matrix","s1"
"studio.expansion_content_entities.mounts.bulk","studio","expansion_content_entities","Thú cưỡi — Hàng loạt","Nhập/xuất bảng tính, sửa nhiều","creator","matrix","s1"
"studio.expansion_content_entities.mounts.promote","studio","expansion_content_entities","Thú cưỡi — Đẩy môi trường","So sánh dev→staging→prod và đẩy","creator","matrix","s1"
"studio.expansion_content_entities.npc_schedules.list","studio","expansion_content_entities","Lịch NPC — Danh sách","Tìm, lọc, kiểm tra lỗi","creator","matrix","s1"
"studio.expansion_content_entities.npc_schedules.detail","studio","expansion_content_entities","Lịch NPC — Chi tiết","Xem đầy đủ + nơi được tham chiếu","creator","matrix","s1"
"studio.expansion_content_entities.npc_schedules.editor","studio","expansion_content_entities","Lịch NPC — Soạn thảo","Form theo JSON Schema + xem trước","creator","matrix","s1"
"studio.expansion_content_entities.npc_schedules.history","studio","expansion_content_entities","Lịch NPC — Lịch sử","Phiên bản, diff, hoàn tác","creator","matrix","s1"
"studio.expansion_content_entities.npc_schedules.bulk","studio","expansion_content_entities","Lịch NPC — Hàng loạt","Nhập/xuất bảng tính, sửa nhiều","creator","matrix","s1"
"studio.expansion_content_entities.npc_schedules.promote","studio","expansion_content_entities","Lịch NPC — Đẩy môi trường","So sánh dev→staging→prod và đẩy","creator","matrix","s1"
"studio.expansion_content_entities.bounties.list","studio","expansion_content_entities","Truy nã — Danh sách","Tìm, lọc, kiểm tra lỗi","creator","matrix","s1"
"studio.expansion_content_entities.bounties.detail","studio","expansion_content_entities","Truy nã — Chi tiết","Xem đầy đủ + nơi được tham chiếu","creator","matrix","s1"
"studio.expansion_content_entities.bounties.editor","studio","expansion_content_entities","Truy nã — Soạn thảo","Form theo JSON Schema + xem trước","creator","matrix","s1"
"studio.expansion_content_entities.bounties.history","studio","expansion_content_entities","Truy nã — Lịch sử","Phiên bản, diff, hoàn tác","creator","matrix","s1"
"studio.expansion_content_entities.bounties.bulk","studio","expansion_content_entities","Truy nã — Hàng loạt","Nhập/xuất bảng tính, sửa nhiều","creator","matrix","s1"
"studio.expansion_content_entities.bounties.promote","studio","expansion_content_entities","Truy nã — Đẩy môi trường","So sánh dev→staging→prod và đẩy","creator","matrix","s1"
"studio.expansion_content_entities.dual_world_links.list","studio","expansion_content_entities","Liên kết hai thế giới — Danh sách","Tìm, lọc, kiểm tra lỗi","creator","matrix","s1"
"studio.expansion_content_entities.dual_world_links.detail","studio","expansion_content_entities","Liên kết hai thế giới — Chi tiết","Xem đầy đủ + nơi được tham chiếu","creator","matrix","s1"
"studio.expansion_content_entities.dual_world_links.editor","studio","expansion_content_entities","Liên kết hai thế giới — Soạn thảo","Form theo JSON Schema + xem trước","creator","matrix","s1"
"studio.expansion_content_entities.dual_world_links.history","studio","expansion_content_entities","Liên kết hai thế giới — Lịch sử","Phiên bản, diff, hoàn tác","creator","matrix","s1"
"studio.expansion_content_entities.dual_world_links.bulk","studio","expansion_content_entities","Liên kết hai thế giới — Hàng loạt","Nhập/xuất bảng tính, sửa nhiều","creator","matrix","s1"
"studio.expansion_content_entities.dual_world_links.promote","studio","expansion_content_entities","Liên kết hai thế giới — Đẩy môi trường","So sánh dev→staging→prod và đẩy","creator","matrix","s1"
"console.expansion_ops_entities.festival_schedules.list","console","expansion_ops_entities","Lịch lễ hội — Danh sách","Tìm, lọc, sắp xếp","admin","matrix","s2"
"console.expansion_ops_entities.festival_schedules.detail","console","expansion_ops_entities","Lịch lễ hội — Chi tiết","Xem đầy đủ + trạng thái","admin","matrix","s2"
"console.expansion_ops_entities.festival_schedules.editor","console","expansion_ops_entities","Lịch lễ hội — Soạn thảo","Tạo/sửa có kiểm tra hợp lệ","admin","matrix","s2"
"console.expansion_ops_entities.festival_schedules.history","console","expansion_ops_entities","Lịch lễ hội — Lịch sử","Phiên bản, người sửa, diff","admin","matrix","s2"
"console.expansion_ops_entities.festival_schedules.bulk","console","expansion_ops_entities","Lịch lễ hội — Hàng loạt","Nhập/xuất CSV, sửa nhiều bản ghi","admin","matrix","s2"
"console.expansion_ops_entities.world_events_live.list","console","expansion_ops_entities","Sự kiện thế giới trực tiếp — Danh sách","Tìm, lọc, sắp xếp","admin","matrix","s2"
"console.expansion_ops_entities.world_events_live.detail","console","expansion_ops_entities","Sự kiện thế giới trực tiếp — Chi tiết","Xem đầy đủ + trạng thái","admin","matrix","s2"
"console.expansion_ops_entities.world_events_live.editor","console","expansion_ops_entities","Sự kiện thế giới trực tiếp — Soạn thảo","Tạo/sửa có kiểm tra hợp lệ","admin","matrix","s2"
"console.expansion_ops_entities.world_events_live.history","console","expansion_ops_entities","Sự kiện thế giới trực tiếp — Lịch sử","Phiên bản, người sửa, diff","admin","matrix","s2"
"console.expansion_ops_entities.world_events_live.bulk","console","expansion_ops_entities","Sự kiện thế giới trực tiếp — Hàng loạt","Nhập/xuất CSV, sửa nhiều bản ghi","admin","matrix","s2"
"console.expansion_ops_entities.bard_policies.list","console","expansion_ops_entities","Chính sách Bard — Danh sách","Tìm, lọc, sắp xếp","admin","matrix","s2"
"console.expansion_ops_entities.bard_policies.detail","console","expansion_ops_entities","Chính sách Bard — Chi tiết","Xem đầy đủ + trạng thái","admin","matrix","s2"
"console.expansion_ops_entities.bard_policies.editor","console","expansion_ops_entities","Chính sách Bard — Soạn thảo","Tạo/sửa có kiểm tra hợp lệ","admin","matrix","s2"
"console.expansion_ops_entities.bard_policies.history","console","expansion_ops_entities","Chính sách Bard — Lịch sử","Phiên bản, người sửa, diff","admin","matrix","s2"
"console.expansion_ops_entities.bard_policies.bulk","console","expansion_ops_entities","Chính sách Bard — Hàng loạt","Nhập/xuất CSV, sửa nhiều bản ghi","admin","matrix","s2"
"console.expansion_ops_entities.story_vote_schedules.list","console","expansion_ops_entities","Lịch bỏ phiếu — Danh sách","Tìm, lọc, sắp xếp","admin","matrix","s2"
"console.expansion_ops_entities.story_vote_schedules.detail","console","expansion_ops_entities","Lịch bỏ phiếu — Chi tiết","Xem đầy đủ + trạng thái","admin","matrix","s2"
"console.expansion_ops_entities.story_vote_schedules.editor","console","expansion_ops_entities","Lịch bỏ phiếu — Soạn thảo","Tạo/sửa có kiểm tra hợp lệ","admin","matrix","s2"
"console.expansion_ops_entities.story_vote_schedules.history","console","expansion_ops_entities","Lịch bỏ phiếu — Lịch sử","Phiên bản, người sửa, diff","admin","matrix","s2"
"console.expansion_ops_entities.story_vote_schedules.bulk","console","expansion_ops_entities","Lịch bỏ phiếu — Hàng loạt","Nhập/xuất CSV, sửa nhiều bản ghi","admin","matrix","s2"
"console.expansion_ops_entities.world_goal_schedules.list","console","expansion_ops_entities","Lịch mục tiêu thế giới — Danh sách","Tìm, lọc, sắp xếp","admin","matrix","s2"
"console.expansion_ops_entities.world_goal_schedules.detail","console","expansion_ops_entities","Lịch mục tiêu thế giới — Chi tiết","Xem đầy đủ + trạng thái","admin","matrix","s2"
"console.expansion_ops_entities.world_goal_schedules.editor","console","expansion_ops_entities","Lịch mục tiêu thế giới — Soạn thảo","Tạo/sửa có kiểm tra hợp lệ","admin","matrix","s2"
"console.expansion_ops_entities.world_goal_schedules.history","console","expansion_ops_entities","Lịch mục tiêu thế giới — Lịch sử","Phiên bản, người sửa, diff","admin","matrix","s2"
"console.expansion_ops_entities.world_goal_schedules.bulk","console","expansion_ops_entities","Lịch mục tiêu thế giới — Hàng loạt","Nhập/xuất CSV, sửa nhiều bản ghi","admin","matrix","s2"
"console.expansion_ops_entities.rift_seed_schedules.list","console","expansion_ops_entities","Lịch seed Vết Nứt — Danh sách","Tìm, lọc, sắp xếp","admin","matrix","s2"
"console.expansion_ops_entities.rift_seed_schedules.detail","console","expansion_ops_entities","Lịch seed Vết Nứt — Chi tiết","Xem đầy đủ + trạng thái","admin","matrix","s2"
"console.expansion_ops_entities.rift_seed_schedules.editor","console","expansion_ops_entities","Lịch seed Vết Nứt — Soạn thảo","Tạo/sửa có kiểm tra hợp lệ","admin","matrix","s2"
"console.expansion_ops_entities.rift_seed_schedules.history","console","expansion_ops_entities","Lịch seed Vết Nứt — Lịch sử","Phiên bản, người sửa, diff","admin","matrix","s2"
"console.expansion_ops_entities.rift_seed_schedules.bulk","console","expansion_ops_entities","Lịch seed Vết Nứt — Hàng loạt","Nhập/xuất CSV, sửa nhiều bản ghi","admin","matrix","s2"
"console.expansion_ops_entities.puzzle_schedules.list","console","expansion_ops_entities","Lịch câu đố ngày — Danh sách","Tìm, lọc, sắp xếp","admin","matrix","s2"
"console.expansion_ops_entities.puzzle_schedules.detail","console","expansion_ops_entities","Lịch câu đố ngày — Chi tiết","Xem đầy đủ + trạng thái","admin","matrix","s2"
"console.expansion_ops_entities.puzzle_schedules.editor","console","expansion_ops_entities","Lịch câu đố ngày — Soạn thảo","Tạo/sửa có kiểm tra hợp lệ","admin","matrix","s2"
"console.expansion_ops_entities.puzzle_schedules.history","console","expansion_ops_entities","Lịch câu đố ngày — Lịch sử","Phiên bản, người sửa, diff","admin","matrix","s2"
"console.expansion_ops_entities.puzzle_schedules.bulk","console","expansion_ops_entities","Lịch câu đố ngày — Hàng loạt","Nhập/xuất CSV, sửa nhiều bản ghi","admin","matrix","s2"
"console.expansion_ops_entities.drops_campaigns.list","console","expansion_ops_entities","Chiến dịch drops — Danh sách","Tìm, lọc, sắp xếp","admin","matrix","s2"
"console.expansion_ops_entities.drops_campaigns.detail","console","expansion_ops_entities","Chiến dịch drops — Chi tiết","Xem đầy đủ + trạng thái","admin","matrix","s2"
"console.expansion_ops_entities.drops_campaigns.editor","console","expansion_ops_entities","Chiến dịch drops — Soạn thảo","Tạo/sửa có kiểm tra hợp lệ","admin","matrix","s2"
"console.expansion_ops_entities.drops_campaigns.history","console","expansion_ops_entities","Chiến dịch drops — Lịch sử","Phiên bản, người sửa, diff","admin","matrix","s2"
"console.expansion_ops_entities.drops_campaigns.bulk","console","expansion_ops_entities","Chiến dịch drops — Hàng loạt","Nhập/xuất CSV, sửa nhiều bản ghi","admin","matrix","s2"
"console.expansion_ops_entities.streamer_accounts.list","console","expansion_ops_entities","Tài khoản streamer — Danh sách","Tìm, lọc, sắp xếp","admin","matrix","s2"
"console.expansion_ops_entities.streamer_accounts.detail","console","expansion_ops_entities","Tài khoản streamer — Chi tiết","Xem đầy đủ + trạng thái","admin","matrix","s2"
"console.expansion_ops_entities.streamer_accounts.editor","console","expansion_ops_entities","Tài khoản streamer — Soạn thảo","Tạo/sửa có kiểm tra hợp lệ","admin","matrix","s2"
"console.expansion_ops_entities.streamer_accounts.history","console","expansion_ops_entities","Tài khoản streamer — Lịch sử","Phiên bản, người sửa, diff","admin","matrix","s2"
"console.expansion_ops_entities.streamer_accounts.bulk","console","expansion_ops_entities","Tài khoản streamer — Hàng loạt","Nhập/xuất CSV, sửa nhiều bản ghi","admin","matrix","s2"
"console.expansion_ops_entities.esports_matches.list","console","expansion_ops_entities","Trận esports — Danh sách","Tìm, lọc, sắp xếp","admin","matrix","s2"
"console.expansion_ops_entities.esports_matches.detail","console","expansion_ops_entities","Trận esports — Chi tiết","Xem đầy đủ + trạng thái","admin","matrix","s2"
"console.expansion_ops_entities.esports_matches.editor","console","expansion_ops_entities","Trận esports — Soạn thảo","Tạo/sửa có kiểm tra hợp lệ","admin","matrix","s2"
"console.expansion_ops_entities.esports_matches.history","console","expansion_ops_entities","Trận esports — Lịch sử","Phiên bản, người sửa, diff","admin","matrix","s2"
"console.expansion_ops_entities.esports_matches.bulk","console","expansion_ops_entities","Trận esports — Hàng loạt","Nhập/xuất CSV, sửa nhiều bản ghi","admin","matrix","s2"
"console.expansion_ops_entities.mod_listings.list","console","expansion_ops_entities","Mod đăng bán — Danh sách","Tìm, lọc, sắp xếp","admin","matrix","s2"
"console.expansion_ops_entities.mod_listings.detail","console","expansion_ops_entities","Mod đăng bán — Chi tiết","Xem đầy đủ + trạng thái","admin","matrix","s2"
"console.expansion_ops_entities.mod_listings.editor","console","expansion_ops_entities","Mod đăng bán — Soạn thảo","Tạo/sửa có kiểm tra hợp lệ","admin","matrix","s2"
"console.expansion_ops_entities.mod_listings.history","console","expansion_ops_entities","Mod đăng bán — Lịch sử","Phiên bản, người sửa, diff","admin","matrix","s2"
"console.expansion_ops_entities.mod_listings.bulk","console","expansion_ops_entities","Mod đăng bán — Hàng loạt","Nhập/xuất CSV, sửa nhiều bản ghi","admin","matrix","s2"
"console.expansion_ops_entities.creator_accounts.list","console","expansion_ops_entities","Tài khoản creator — Danh sách","Tìm, lọc, sắp xếp","admin","matrix","s2"
"console.expansion_ops_entities.creator_accounts.detail","console","expansion_ops_entities","Tài khoản creator — Chi tiết","Xem đầy đủ + trạng thái","admin","matrix","s2"
"console.expansion_ops_entities.creator_accounts.editor","console","expansion_ops_entities","Tài khoản creator — Soạn thảo","Tạo/sửa có kiểm tra hợp lệ","admin","matrix","s2"
"console.expansion_ops_entities.creator_accounts.history","console","expansion_ops_entities","Tài khoản creator — Lịch sử","Phiên bản, người sửa, diff","admin","matrix","s2"
"console.expansion_ops_entities.creator_accounts.bulk","console","expansion_ops_entities","Tài khoản creator — Hàng loạt","Nhập/xuất CSV, sửa nhiều bản ghi","admin","matrix","s2"
"console.expansion_ops_entities.creator_payouts.list","console","expansion_ops_entities","Chi trả creator — Danh sách","Tìm, lọc, sắp xếp","admin","matrix","s2"
"console.expansion_ops_entities.creator_payouts.detail","console","expansion_ops_entities","Chi trả creator — Chi tiết","Xem đầy đủ + trạng thái","admin","matrix","s2"
"console.expansion_ops_entities.creator_payouts.editor","console","expansion_ops_entities","Chi trả creator — Soạn thảo","Tạo/sửa có kiểm tra hợp lệ","admin","matrix","s2"
"console.expansion_ops_entities.creator_payouts.history","console","expansion_ops_entities","Chi trả creator — Lịch sử","Phiên bản, người sửa, diff","admin","matrix","s2"
"console.expansion_ops_entities.creator_payouts.bulk","console","expansion_ops_entities","Chi trả creator — Hàng loạt","Nhập/xuất CSV, sửa nhiều bản ghi","admin","matrix","s2"
"console.expansion_ops_entities.partner_accounts.list","console","expansion_ops_entities","Tài khoản đối tác — Danh sách","Tìm, lọc, sắp xếp","admin","matrix","s2"
"console.expansion_ops_entities.partner_accounts.detail","console","expansion_ops_entities","Tài khoản đối tác — Chi tiết","Xem đầy đủ + trạng thái","admin","matrix","s2"
"console.expansion_ops_entities.partner_accounts.editor","console","expansion_ops_entities","Tài khoản đối tác — Soạn thảo","Tạo/sửa có kiểm tra hợp lệ","admin","matrix","s2"
"console.expansion_ops_entities.partner_accounts.history","console","expansion_ops_entities","Tài khoản đối tác — Lịch sử","Phiên bản, người sửa, diff","admin","matrix","s2"
"console.expansion_ops_entities.partner_accounts.bulk","console","expansion_ops_entities","Tài khoản đối tác — Hàng loạt","Nhập/xuất CSV, sửa nhiều bản ghi","admin","matrix","s2"
"console.expansion_ops_entities.partner_campaigns.list","console","expansion_ops_entities","Chiến dịch đối tác — Danh sách","Tìm, lọc, sắp xếp","admin","matrix","s2"
"console.expansion_ops_entities.partner_campaigns.detail","console","expansion_ops_entities","Chiến dịch đối tác — Chi tiết","Xem đầy đủ + trạng thái","admin","matrix","s2"
"console.expansion_ops_entities.partner_campaigns.editor","console","expansion_ops_entities","Chiến dịch đối tác — Soạn thảo","Tạo/sửa có kiểm tra hợp lệ","admin","matrix","s2"
"console.expansion_ops_entities.partner_campaigns.history","console","expansion_ops_entities","Chiến dịch đối tác — Lịch sử","Phiên bản, người sửa, diff","admin","matrix","s2"
"console.expansion_ops_entities.partner_campaigns.bulk","console","expansion_ops_entities","Chiến dịch đối tác — Hàng loạt","Nhập/xuất CSV, sửa nhiều bản ghi","admin","matrix","s2"
"console.expansion_ops_entities.translation_projects.list","console","expansion_ops_entities","Dự án dịch cộng đồng — Danh sách","Tìm, lọc, sắp xếp","admin","matrix","s2"
"console.expansion_ops_entities.translation_projects.detail","console","expansion_ops_entities","Dự án dịch cộng đồng — Chi tiết","Xem đầy đủ + trạng thái","admin","matrix","s2"
"console.expansion_ops_entities.translation_projects.editor","console","expansion_ops_entities","Dự án dịch cộng đồng — Soạn thảo","Tạo/sửa có kiểm tra hợp lệ","admin","matrix","s2"
"console.expansion_ops_entities.translation_projects.history","console","expansion_ops_entities","Dự án dịch cộng đồng — Lịch sử","Phiên bản, người sửa, diff","admin","matrix","s2"
"console.expansion_ops_entities.translation_projects.bulk","console","expansion_ops_entities","Dự án dịch cộng đồng — Hàng loạt","Nhập/xuất CSV, sửa nhiều bản ghi","admin","matrix","s2"
"console.expansion_ops_entities.economy_policies.list","console","expansion_ops_entities","Chính sách kinh tế — Danh sách","Tìm, lọc, sắp xếp","admin","matrix","s2"
"console.expansion_ops_entities.economy_policies.detail","console","expansion_ops_entities","Chính sách kinh tế — Chi tiết","Xem đầy đủ + trạng thái","admin","matrix","s2"
"console.expansion_ops_entities.economy_policies.editor","console","expansion_ops_entities","Chính sách kinh tế — Soạn thảo","Tạo/sửa có kiểm tra hợp lệ","admin","matrix","s2"
"console.expansion_ops_entities.economy_policies.history","console","expansion_ops_entities","Chính sách kinh tế — Lịch sử","Phiên bản, người sửa, diff","admin","matrix","s2"
"console.expansion_ops_entities.economy_policies.bulk","console","expansion_ops_entities","Chính sách kinh tế — Hàng loạt","Nhập/xuất CSV, sửa nhiều bản ghi","admin","matrix","s2"
"console.expansion_ops_entities.market_price_bands.list","console","expansion_ops_entities","Biên độ giá chợ — Danh sách","Tìm, lọc, sắp xếp","admin","matrix","s2"
"console.expansion_ops_entities.market_price_bands.detail","console","expansion_ops_entities","Biên độ giá chợ — Chi tiết","Xem đầy đủ + trạng thái","admin","matrix","s2"
"console.expansion_ops_entities.market_price_bands.editor","console","expansion_ops_entities","Biên độ giá chợ — Soạn thảo","Tạo/sửa có kiểm tra hợp lệ","admin","matrix","s2"
"console.expansion_ops_entities.market_price_bands.history","console","expansion_ops_entities","Biên độ giá chợ — Lịch sử","Phiên bản, người sửa, diff","admin","matrix","s2"
"console.expansion_ops_entities.market_price_bands.bulk","console","expansion_ops_entities","Biên độ giá chợ — Hàng loạt","Nhập/xuất CSV, sửa nhiều bản ghi","admin","matrix","s2"
"console.expansion_ops_entities.ironman_leagues.list","console","expansion_ops_entities","Giải Thiết Nhân — Danh sách","Tìm, lọc, sắp xếp","admin","matrix","s2"
"console.expansion_ops_entities.ironman_leagues.detail","console","expansion_ops_entities","Giải Thiết Nhân — Chi tiết","Xem đầy đủ + trạng thái","admin","matrix","s2"
"console.expansion_ops_entities.ironman_leagues.editor","console","expansion_ops_entities","Giải Thiết Nhân — Soạn thảo","Tạo/sửa có kiểm tra hợp lệ","admin","matrix","s2"
"console.expansion_ops_entities.ironman_leagues.history","console","expansion_ops_entities","Giải Thiết Nhân — Lịch sử","Phiên bản, người sửa, diff","admin","matrix","s2"
"console.expansion_ops_entities.ironman_leagues.bulk","console","expansion_ops_entities","Giải Thiết Nhân — Hàng loạt","Nhập/xuất CSV, sửa nhiều bản ghi","admin","matrix","s2"
"console.expansion_ops_entities.speedrun_submissions.list","console","expansion_ops_entities","Bài nộp speedrun — Danh sách","Tìm, lọc, sắp xếp","admin","matrix","s2"
"console.expansion_ops_entities.speedrun_submissions.detail","console","expansion_ops_entities","Bài nộp speedrun — Chi tiết","Xem đầy đủ + trạng thái","admin","matrix","s2"
"console.expansion_ops_entities.speedrun_submissions.editor","console","expansion_ops_entities","Bài nộp speedrun — Soạn thảo","Tạo/sửa có kiểm tra hợp lệ","admin","matrix","s2"
"console.expansion_ops_entities.speedrun_submissions.history","console","expansion_ops_entities","Bài nộp speedrun — Lịch sử","Phiên bản, người sửa, diff","admin","matrix","s2"
"console.expansion_ops_entities.speedrun_submissions.bulk","console","expansion_ops_entities","Bài nộp speedrun — Hàng loạt","Nhập/xuất CSV, sửa nhiều bản ghi","admin","matrix","s2"
"console.expansion_ops_entities.raid_schedules.list","console","expansion_ops_entities","Lịch raid — Danh sách","Tìm, lọc, sắp xếp","admin","matrix","s2"
"console.expansion_ops_entities.raid_schedules.detail","console","expansion_ops_entities","Lịch raid — Chi tiết","Xem đầy đủ + trạng thái","admin","matrix","s2"
"console.expansion_ops_entities.raid_schedules.editor","console","expansion_ops_entities","Lịch raid — Soạn thảo","Tạo/sửa có kiểm tra hợp lệ","admin","matrix","s2"
"console.expansion_ops_entities.raid_schedules.history","console","expansion_ops_entities","Lịch raid — Lịch sử","Phiên bản, người sửa, diff","admin","matrix","s2"
"console.expansion_ops_entities.raid_schedules.bulk","console","expansion_ops_entities","Lịch raid — Hàng loạt","Nhập/xuất CSV, sửa nhiều bản ghi","admin","matrix","s2"
"console.expansion_ops_entities.gm_playbooks.list","console","expansion_ops_entities","Kịch bản GM — Danh sách","Tìm, lọc, sắp xếp","admin","matrix","s2"
"console.expansion_ops_entities.gm_playbooks.detail","console","expansion_ops_entities","Kịch bản GM — Chi tiết","Xem đầy đủ + trạng thái","admin","matrix","s2"
"console.expansion_ops_entities.gm_playbooks.editor","console","expansion_ops_entities","Kịch bản GM — Soạn thảo","Tạo/sửa có kiểm tra hợp lệ","admin","matrix","s2"
"console.expansion_ops_entities.gm_playbooks.history","console","expansion_ops_entities","Kịch bản GM — Lịch sử","Phiên bản, người sửa, diff","admin","matrix","s2"
"console.expansion_ops_entities.gm_playbooks.bulk","console","expansion_ops_entities","Kịch bản GM — Hàng loạt","Nhập/xuất CSV, sửa nhiều bản ghi","admin","matrix","s2"
"console.expansion_ops_entities.compensation_packages.list","console","expansion_ops_entities","Gói bồi thường — Danh sách","Tìm, lọc, sắp xếp","admin","matrix","s2"
"console.expansion_ops_entities.compensation_packages.detail","console","expansion_ops_entities","Gói bồi thường — Chi tiết","Xem đầy đủ + trạng thái","admin","matrix","s2"
"console.expansion_ops_entities.compensation_packages.editor","console","expansion_ops_entities","Gói bồi thường — Soạn thảo","Tạo/sửa có kiểm tra hợp lệ","admin","matrix","s2"
"console.expansion_ops_entities.compensation_packages.history","console","expansion_ops_entities","Gói bồi thường — Lịch sử","Phiên bản, người sửa, diff","admin","matrix","s2"
"console.expansion_ops_entities.compensation_packages.bulk","console","expansion_ops_entities","Gói bồi thường — Hàng loạt","Nhập/xuất CSV, sửa nhiều bản ghi","admin","matrix","s2"
"console.expansion_ops_entities.mentor_programs.list","console","expansion_ops_entities","Chương trình sư phụ — Danh sách","Tìm, lọc, sắp xếp","admin","matrix","s2"
"console.expansion_ops_entities.mentor_programs.detail","console","expansion_ops_entities","Chương trình sư phụ — Chi tiết","Xem đầy đủ + trạng thái","admin","matrix","s2"
"console.expansion_ops_entities.mentor_programs.editor","console","expansion_ops_entities","Chương trình sư phụ — Soạn thảo","Tạo/sửa có kiểm tra hợp lệ","admin","matrix","s2"
"console.expansion_ops_entities.mentor_programs.history","console","expansion_ops_entities","Chương trình sư phụ — Lịch sử","Phiên bản, người sửa, diff","admin","matrix","s2"
"console.expansion_ops_entities.mentor_programs.bulk","console","expansion_ops_entities","Chương trình sư phụ — Hàng loạt","Nhập/xuất CSV, sửa nhiều bản ghi","admin","matrix","s2"
"console.expansion_ops_entities.gift_catalog.list","console","expansion_ops_entities","Danh mục quà tặng — Danh sách","Tìm, lọc, sắp xếp","admin","matrix","s2"
"console.expansion_ops_entities.gift_catalog.detail","console","expansion_ops_entities","Danh mục quà tặng — Chi tiết","Xem đầy đủ + trạng thái","admin","matrix","s2"
"console.expansion_ops_entities.gift_catalog.editor","console","expansion_ops_entities","Danh mục quà tặng — Soạn thảo","Tạo/sửa có kiểm tra hợp lệ","admin","matrix","s2"
"console.expansion_ops_entities.gift_catalog.history","console","expansion_ops_entities","Danh mục quà tặng — Lịch sử","Phiên bản, người sửa, diff","admin","matrix","s2"
"console.expansion_ops_entities.gift_catalog.bulk","console","expansion_ops_entities","Danh mục quà tặng — Hàng loạt","Nhập/xuất CSV, sửa nhiều bản ghi","admin","matrix","s2"
"console.expansion_ops_entities.family_policies.list","console","expansion_ops_entities","Chính sách tài khoản gia đình — Danh sách","Tìm, lọc, sắp xếp","admin","matrix","s2"
"console.expansion_ops_entities.family_policies.detail","console","expansion_ops_entities","Chính sách tài khoản gia đình — Chi tiết","Xem đầy đủ + trạng thái","admin","matrix","s2"
"console.expansion_ops_entities.family_policies.editor","console","expansion_ops_entities","Chính sách tài khoản gia đình — Soạn thảo","Tạo/sửa có kiểm tra hợp lệ","admin","matrix","s2"
"console.expansion_ops_entities.family_policies.history","console","expansion_ops_entities","Chính sách tài khoản gia đình — Lịch sử","Phiên bản, người sửa, diff","admin","matrix","s2"
"console.expansion_ops_entities.family_policies.bulk","console","expansion_ops_entities","Chính sách tài khoản gia đình — Hàng loạt","Nhập/xuất CSV, sửa nhiều bản ghi","admin","matrix","s2"
